και	1611
να	1171
το	845
του	687
που	646
ο	556
την	516
τα	509
δεν	479
με	471
τον	443
είναι	405
η	403
μου	400
τους	389
της	372
θα	331
των	293
κι	292
από	288
σου	274
εις	252
μας	237
οι	226
απ	220
τι	187
λοιπόν	182
τη	178
αν	177
αυτό	175
μα	174
ότι	158
πως	158
τώρα	145
ή	144
κ	142
για	141
χορος	129
εγώ	129
δε	128
σε	116
μ	113
αλλά	111
σας	107
στο	104
διότι	93
αυτά	92
σαν	90
όλα	88
γιατί	87
όχι	86
όμως	85
έτσι	85
αφού	85
ούτε	83
διά	82
κανείς	82
τις	82
πράγμα	82
όταν	72
ένα	70
στα	70
πόλη	70
έχει	68
μην	68
βέβαια	68
μια	67
αλήθεια	65
μη	65
ω	65
άλλο	65
στην	65
ακόμη	62
συ	61
ναι	60
ς	60
πώς	59
ας	59
αυτός	59
αυτή	58
όπως	58
ως	57
πολύ	55
τ	55
κρίτων	55
εσύ	54
πρέπει	54
μάλιστα	53
μαζί	51
φαίνεται	51
στις	49
τίποτε	49
τας	48
τότε	48
καθώς	47
στη	47
είπα	47
αυτόν	47
καλά	46
ό	45
τάχα	45
μήπως	45
ώστε	44
διονυσόδωρος	43
μόνον	43
πράγματα	42
ν	41
τέλος	40
στους	40
πάντα	40
μες	40
δία	40
έχουν	40
εδώ	39
δύο	39
αυτήν	39
χέρι	38
ποιος	38
σωκράτη	38
ήτο	37
θεούς	37
κασσανδρα	37
παρά	36
μέσα	36
επάνω	36
πατέρα	36
δίχως	36
κάτι	36
είσαι	36
ετεοκλης	36
ευθύδημος	36
προς	35
κλυταιμνηστρα	35
κάθε	35
όσα	34
ενώ	34
κτήσιππος	34
κατά	33
στον	33
σπίτι	33
πριν	33
λέγει	33
σωκράτης	33
άλλα	32
ε	32
ένας	32
πάλι	32
άνθρωποι	32
γνωρίζεις	32
λόγια	31
θεοί	31
αντιγονη	31
ίδιον	31
τέτοια	30
είπε	30
κακό	30
αίμα	30
αυτοί	30
είπεν	30
πιο	29
πάλιν	29
δι	29
γυναίκα	28
κάμη	28
εκείνος	28
χωρίς	28
πλέον	28
εάν	28
αυτούς	27
ανθρώπους	27
είμαι	27
εκείνοι	27
πράγματι	27
γι	26
γίνη	26
εκεί	26
θεός	26
λες	26
έχω	26
γνωρίζω	26
ίσως	26
ισμηνη	26
λόγον	26
ευθύδημε	26
αι	25
καλό	25
πατέρας	25
ποτέ	25
ίδιος	25
τόσον	25
εκείνα	25
εν	24
άλλοι	24
εκείνο	24
τέχνη	24
μεν	23
αυτού	23
δίκιο	23
όπου	23
έχεις	23
κανένα	23
περί	23
γνωρίζουν	23
καρδιά	22
πω	22
θε	22
λέω	22
άλλους	22
πύλες	22
καλόν	22
υπάρχει	22
π	22
εμπρός	22
σοφίαν	22
πάντοτε	22
πια	21
πολλά	21
νου	21
συμφορά	21
όλους	21
άλλον	21
κακά	21
εμένα	21
μεταξύ	21
πρώτα	20
σπίτια	20
τύχη	20
οργή	20
μοίρα	20
όσο	20
χώρα	20
είν	20
θέλεις	20
επίσης	20
όλοι	20
έχη	20
διονυσόδωρε	20
ημπορεί	20
λέει	19
τόσο	19
κάτω	19
α	19
τουλάχιστον	19
λέγεις	19
δυνατόν	19
κάμνη	19
επί	18
θεών	18
κατ	18
εκ	18
όποιος	18
αγαθά	18
είχε	18
λέγω	18
αμέσως	18
άνθρωπος	18
κάμης	18
κλεινίας	18
κλεινία	18
καμμίαν	18
τροία	17
πάθη	17
φωτιά	17
χέρια	17
χώρας	17
πη	17
φορά	17
λέγουν	17
ανθρώπων	17
αλλ	17
τρόπον	17
απεκρίθη	17
φως	16
θέλει	16
γης	16
ποια	16
άλλη	16
άλλος	16
καθόλου	16
στρατό	16
λόγος	16
χαρά	16
μάτια	16
κρίμα	16
συμφορές	16
λέγε	16
άνθρωπον	16
αρά	16
γε	16
επομένως	16
αγαμεμνων	15
προ	15
συγχρόνως	15
σα	15
στόμα	15
πης	15
γη	15
ουδέ	15
βλέπω	15
πίσω	15
εκείνους	15
πάει	15
σένα	15
αγγελος	15
απήντησεν	15
χρήσιν	15
επιστήμη	15
κάμνει	15
απλώς	14
στων	14
φέρη	14
γλώσσα	14
είτε	14
εμείς	14
πάρη	14
καιρό	14
χάρη	14
είδα	14
κηρυκας	14
άντρα	14
θάρρος	14
αλλοίμονο	14
άλλων	14
ασπίδα	14
δυό	14
τέχνην	14
επειδή	14
υπό	13
ανάγκην	13
οποίον	13
χάριν	13
πάνω	13
στ	13
αυτής	13
άμποτε	13
πόλεμο	13
όλων	13
δυο	13
μαύρη	13
ήτανε	13
φέρνει	13
γνώμη	13
πέρα	13
ευτυχείς	13
χορου	13
ανάγκη	13
όσον	13
φόβο	13
σοφία	13
αδελφός	13
νέος	13
ποίον	13
ιδέαν	13
σοφοί	13
υπάρχουν	13
πράγματος	13
στου	12
όσοι	12
δύναμη	12
παιδί	12
γύρω	12
βρήκε	12
δίκη	12
σεις	12
έξω	12
θεό	12
αχ	12
ακριβώς	12
κατάρες	12
κακόν	12
διόλου	12
αυτών	12
λόγους	12
ευθύδημον	12
παρακαλώ	12
περισσότερον	12
δικό	11
καλή	11
θέλω	11
παιδιά	11
κατάρα	11
απόλλων	11
κάμω	11
σωστά	11
εσείς	11
δικά	11
ωιμέ	11
αλλοί	11
τέχνης	11
μάλλον	11
φίλε	11
επιστήμην	11
βεβαίως	11
ημπορούν	11
μανθάνουν	11
ωραίον	11
φεξη	10
οποίαν	10
οποία	10
γνωρίζει	10
φόβος	10
δική	10
δίας	10
δρόμο	10
θες	10
αυτές	10
μάντης	10
όλη	10
μέρα	10
γαίμα	10
ξέρω	10
έχης	10
πιστεύω	10
πρώτη	10
μπρος	10
μπορεί	10
μεγάλο	10
αντίς	10
εχθρούς	10
ευτυχία	10
καν	10
κοντάρι	10
είταν	10
εχθρών	10
αξίζει	10
καιρόν	10
μεγάλη	10
σπαθί	10
δώση	10
αιγισθος	10
ήσαν	10
ομιλούν	10
θέσιν	10
καλύτερα	10
λέγετε	10
όλην	10
σοφίας	10
απήντησα	10
αλήθειαν	10
μίαν	9
δίκαιον	9
γίνεται	9
τώρ	9
ξέρει	9
βαρύ	9
παιδιών	9
κόρη	9
σημάδι	9
παλάτια	9
σοφός	9
λαού	9
φθάνει	9
μένει	9
ήρθε	9
γνώση	9
όλο	9
μόνος	9
νύχτα	9
πέφτει	9
θενά	9
πόλεως	9
καθένας	9
μένα	9
κάποιος	9
άρης	9
βασιλιά	9
είχα	9
τόση	9
φίλοι	9
έναν	9
θεού	9
καθ	9
πύργους	9
εσένα	9
δικός	9
θάνατος	9
μέρος	9
εξ	9
φιλοσοφία	9
θήβας	9
οιδίποδα	9
φοβούμαι	9
οπωσδήποτε	9
ηλικίαν	9
κλεινίαν	9
είδος	9
εαυτόν	9
ολίγον	9
ωμολόγησες	9
όλως	9
κάμνουν	9
πραγματικώς	9
κτήσιππε	9
καλοί	9
έλα	9
επιστήμων	9
μόνη	8
οποίας	8
πράμα	8
μόλις	8
καλός	8
δεξιά	8
κάποια	8
αφορμή	8
σύμφωνα	8
καρδιάς	8
βωμούς	8
πολλές	8
άντρας	8
νά	8
μάτι	8
χώμα	8
φίλον	8
εμάς	8
θέλουν	8
ποιο	8
λόγο	8
κάπου	8
γένος	8
έπρεπε	8
σύμφωνος	8
ζωή	8
ήθελε	8
μάννα	8
φόνο	8
τέλους	8
αρκετά	8
κηρυξ	8
δα	8
κοντά	8
σοφούς	8
μέσον	8
βλέπουν	8
έχομεν	8
νέον	8
ολιγώτερον	8
αμαθείς	8
γνωρίζης	8
παραδείγματος	8
εκείνη	8
είχαμεν	8
διαφορετικόν	8
ζώα	8
γνωρίζετε	8
αγαμέμνων	7
τω	7
μετά	7
ψηλά	7
πικρό	7
τρόπο	7
τύχης	7
φωνή	7
συμβαίνει	7
στρατού	7
σημάδια	7
νίκη	7
άνθρωπο	7
αργείων	7
ανθρώπου	7
φορές	7
ακούσης	7
πότε	7
φτάνει	7
πιότερα	7
αντρός	7
άξιος	7
άντρες	7
χρόνια	7
τόσες	7
βασιλιάς	7
ίδια	7
κάστρα	7
άγρια	7
κύμα	7
πιότερο	7
ίδιο	7
πόρτες	7
ψυχή	7
πέση	7
ενός	7
μοιρολόγια	7
ιδού	7
φίλους	7
είπες	7
εκτός	7
όλας	7
έκαμε	7
έπειτα	7
είχαν	7
σειρά	7
πρόκειται	7
επτά	7
τούτο	7
τελείως	7
βέβαιος	7
γράμματα	7
εκείνου	7
αρκεί	7
διονυσόδωρον	7
εκείνην	7
σκοπόν	7
κάπως	7
ευθυδήμου	7
ειπή	7
ξένους	7
γνωρίζη	7
έργον	7
ολίγου	7
είπαμεν	7
ήδη	7
είσθε	7
βεβαιότατα	7
παραδέχεσαι	7
ηρώτησα	7
κτήσιππον	7
ψυχήν	7
έλεγες	7
βιβλιοθηκη	6
αρχαιων	6
ελληνων	6
συγγραφεων	6
ι	6
δράμα	6
χορός	6
βλέπει	6
λόγων	6
φωτιάς	6
δίπλα	6
χαίρε	6
πολλούς	6
αρχή	6
πρώτος	6
πόνο	6
παν	6
ελένη	6
θυσίες	6
πλάι	6
αίλινο	6
πλούτη	6
τούτη	6
εκείνων	6
νάχη	6
στης	6
πρώτο	6
μάθη	6
πόχει	6
ήλιου	6
ιδής	6
χώρια	6
στασιμο	6
δίχτυ	6
σκλαβιά	6
τρέμω	6
άδικο	6
γυιός	6
ξένη	6
κάποιο	6
έγνοια	6
αλλιώς	6
πρι	6
τέτοιο	6
διπλά	6
κλαίω	6
μάθω	6
μές	6
τόσα	6
ερινύων	6
όνομα	6
ερινύα	6
θανάτου	6
δίχτυα	6
ώρα	6
φίλος	6
ψάλλει	6
γω	6
ακόμα	6
μέρους	6
πόσα	6
πού	6
λίγο	6
είχες	6
θέλης	6
πόδια	6
έκαμα	6
λύσσα	6
θάνατον	6
γενιά	6
ακούς	6
πατρός	6
οποίος	6
χη	6
αντίκρυ	6
ημπορούσε	6
αληθινά	6
νομίζω	6
είχεν	6
απολύτως	6
κάμουν	6
ίδιοι	6
καλλιέργειαν	6
αποκτήση	6
διδάξουν	6
απεναντίας	6
αρχήν	6
είμεθα	6
αρετήν	6
έλεγα	6
μεγάλην	6
επιθυμίαν	6
εκείνον	6
διδαχθή	6
άλλην	6
μολαταύτα	6
απήντησε	6
φρονείς	6
γνώσιν	6
προηγουμένως	6
μέσου	6
πραγμάτων	6
αγαθών	6
νομίζεις	6
πάντων	6
νουν	6
ολιγώτερα	6
ευρίσκεται	6
σοβαρά	6
καλούς	6
μητέρα	6
πρώτον	5
κλυταιμνήστρα	5
χαράν	5
όστις	5
αποτελεί	5
ζητώ	5
γυναίκας	5
στέκει	5
άργος	5
κλίνη	5
αφέντης	5
τάλλα	5
βώδι	5
πριάμου	5
όπλα	5
αμάχη	5
καιρός	5
στείλη	5
στέλλει	5
ελλήνων	5
δάκρυα	5
θυσίας	5
μπορείς	5
ακούω	5
ελπίδα	5
νικά	5
μόνο	5
όξω	5
ουδ	5
κατόπιν	5
τιμά	5
κάνει	5
κυβερνά	5
γοργά	5
ύστερα	5
πύργος	5
μάννας	5
φλόγα	5
τρανή	5
λάμψη	5
νέα	5
τέτοιες	5
σήμερα	5
αγάπη	5
λάχη	5
άλλου	5
πύλη	5
κείνοι	5
έν	5
ήταν	5
φλόγες	5
νάναι	5
νεκρό	5
πάνε	5
κέρδος	5
λόγοι	5
σώση	5
ωραία	5
γλυτώση	5
όλον	5
κοινό	5
εχθροί	5
έτς	5
δίκια	5
πάω	5
μηδέ	5
εικόνα	5
νερό	5
δόξα	5
δώρο	5
ντροπή	5
ευχές	5
κάμε	5
φρένα	5
σκλαβιάς	5
εμέ	5
θαρρώ	5
βγη	5
βγάλη	5
κακών	5
κανένας	5
δειλός	5
εκδικητής	5
ωιμένα	5
κλάψω	5
κάνουν	5
ήλθε	5
δαίμονα	5
γυναίκες	5
γιατ	5
καλέ	5
αυτουνού	5
χωριστά	5
πλάτων	5
κυρίως	5
τοιουτοτρόπως	5
παντός	5
αντιγόνης	5
θρήνους	5
έχετε	5
αγάλματα	5
θεέ	5
εφτά	5
ψυχής	5
ιδώ	5
θέλετε	5
οιδίπου	5
πληρώση	5
ευθυδημος	5
τούτου	5
σωκράτους	5
γενικώς	5
φιλοσοφίαν	5
φιλοσοφίας	5
μεταχειρίζονται	5
νεαρόν	5
ερωτάς	5
δηλαδή	5
αγαπητέ	5
μαθήματα	5
δύσκολον	5
χρειάζεται	5
διδάσκαλοι	5
ερωτώ	5
διδάξετε	5
αρετής	5
ερωτήσεις	5
ερωτούν	5
φυσικά	5
λέξιν	5
ερώτησιν	5
μανθάνω	5
αυτάς	5
φανερόν	5
ποία	5
θεόν	5
ηξεύρω	5
παρέχει	5
πιστεύεις	5
επιθυμείτε	5
λέγη	5
αδύνατον	5
ημπορώ	5
αποκριθής	5
χρυσός	5
παραδίδουν	5
πολιτική	5
αγαθόν	5
επρόκειτο	5
θεωρούνται	5
λόγου	5
χαιρέδημος	5
ωμολόγησα	5
επιβαρύνει	5
βιβλίου	4
αισχυλου	4
αγαμέμνονος	4
αρχής	4
οποίου	4
σκηνή	4
εννοείται	4
χρόνο	4
στέγη	4
χειμώνα	4
παλατιού	4
χαράς	4
δείξη	4
νάρθη	4
νοιώση	4
θρόνο	4
διπλό	4
στήθια	4
θάρθη	4
γέρος	4
πόδι	4
παντού	4
γλυκειά	4
μπορώ	4
δρόμου	4
στρατηγοί	4
πολέμου	4
βασιλιάδες	4
άμα	4
είδε	4
τροίας	4
παιάνα	4
μεγάλος	4
κόσμο	4
γιατρειά	4
κρατούν	4
ζυγό	4
ύστερ	4
βία	4
σιωπάς	4
παρμένη	4
περνά	4
καινούργια	4
κατόπι	4
μάχη	4
καμμιά	4
πόσο	4
γυρισμό	4
ακούση	4
στολίδια	4
μήτε	4
έργα	4
κρίνης	4
αφήση	4
μονάχα	4
βλάβη	4
ακούει	4
πάρης	4
φίλου	4
φέρνοντας	4
ζη	4
όσους	4
στάχτη	4
κρατάει	4
γιομάτος	4
φήμη	4
προσταγή	4
φάνηκε	4
πατρικής	4
πατρίδα	4
πατρικό	4
αρρώστεια	4
συχνά	4
ρούχα	4
χάρο	4
περάση	4
ζωντανός	4
επήρε	4
τόχει	4
άφησε	4
ερωτήσω	4
ψέμμα	4
στόλο	4
καράβι	4
σωστό	4
κόσμον	4
πληγή	4
ολέθρου	4
ύμνο	4
θάλασσα	4
βγήκε	4
ρίξη	4
κυνηγοί	4
ψυχές	4
ετοιμάζει	4
συμφοράς	4
ιδέα	4
έφερε	4
καινούργιο	4
γυρνάει	4
πολλοί	4
έτοιμος	4
αιτία	4
μιας	4
λαός	4
δουλειά	4
πήρε	4
πορφύρες	4
ευτυχής	4
σπιτιού	4
θρήνο	4
σαι	4
χάνω	4
μέση	4
φωνάζει	4
μακριά	4
κάνεις	4
χυμένο	4
πεθάνω	4
δεινά	4
γρήγορα	4
αρχαίων	4
κακιά	4
θρήνος	4
χρησμοί	4
αλλοίμονό	4
λένε	4
άδη	4
αύτη	4
εχθρού	4
δίκαια	4
μεγάλα	4
τέλεια	4
σωστόν	4
τούτον	4
κει	4
πάη	4
βλέπεις	4
προσπαθήσω	4
πολύς	4
εκδόσεων	4
συστηματικά	4
ελληνική	4
σύγχρονη	4
κλπ	4
γρυπάρη	4
δια	4
αδελφών	4
πολιτείας	4
πλήθος	4
άρη	4
καδμείων	4
κάδμου	4
δόρυ	4
τρεις	4
αντρών	4
πόλης	4
ακούτε	4
κάνης	4
τρομάρα	4
κάποιου	4
ημιχοριο	4
όνομά	4
γέννησε	4
ξένος	4
θέλη	4
γενεά	4
λάβη	4
φιλοσόφους	4
διονυσοδώρου	4
ήθελα	4
ακούσω	4
ημπορή	4
ίσα	4
επιθυμώ	4
κόννον	4
ημπορούσα	4
ήκουσα	4
μεγαλυτέραν	4
προσοχήν	4
έξαφνα	4
ενώπιον	4
ενθυμούμαι	4
τοιαύτη	4
περιπτώσει	4
κάμετε	4
πεπεισμένος	4
αλκιβιάδου	4
στιγμήν	4
απορίαν	4
εμανθάνετε	4
ήσασθε	4
ερωτά	4
γέλοια	4
ειπέ	4
συζητήσεως	4
ημπορείς	4
ορθήν	4
σημασίαν	4
καλύτερον	4
έστω	4
γίνωμεν	4
ηρώτησε	4
επιτυχίαν	4
σοφόν	4
αναμφιβόλως	4
ποίαν	4
παρεδέχθημεν	4
ωφελούσαν	4
κάμωμεν	4
ωφέλειαν	4
μεταχειρίζεται	4
κακήν	4
περισσότερα	4
αξίαν	4
παραδέχομαι	4
απάντησιν	4
θαυμάσια	4
μία	4
κακούς	4
λέγης	4
καθένα	4
ηξεύρεις	4
απαντήσης	4
απάντησέ	4
λάθος	4
ημείς	4
όψιν	4
χρυσόν	4
ούτως	4
πολιτικής	4
δύναμιν	4
απεκρίθην	4
απαντήσω	4
εγνώριζες	4
αγαθοί	4
άδικοι	4
ηρακλέους	4
πηγαίνη	4
μονοτονικό	3
ορθογραφία	3
μεταφραστής	3
μέρη	3
κειμένου	3
μεταφρασις	3
γρυπαρη	3
τριλογίας	3
τύχην	3
ευτυχίαν	3
χορού	3
ιδίαν	3
πνεύμα	3
νεκρών	3
ταύτης	3
ατρειδών	3
άρχοντες	3
φλόγας	3
ύπνος	3
πάρουν	3
χορούς	3
χάρι	3
ευθύς	3
πόλι	3
καλήν	3
έχουνε	3
απόλλωνας	3
γρικόντας	3
πικρά	3
σκούζουν	3
ατρέα	3
σφαχτά	3
μόνου	3
σκήπτρα	3
αξίζουν	3
στερνά	3
πιάνουν	3
βασίλισσα	3
ταιριάζει	3
νοιώθω	3
ξεκίνησαν	3
θεϊκή	3
πουλί	3
σίδερο	3
εκδικήτρα	3
πουλιών	3
πλοίων	3
δεξί	3
μεριά	3
ψάλλετε	3
στρατός	3
πύργων	3
ταγαθά	3
θ	3
γέννες	3
γιομάτα	3
καράβια	3
πολύν	3
ζητήση	3
θυσία	3
αρέση	3
μπορέσω	3
βάρος	3
τρίτο	3
ύπνο	3
μάντη	3
πείνα	3
δεμένος	3
άνθος	3
παρθενικό	3
άθλιο	3
καραβιών	3
βάσταξε	3
πέπλους	3
ζουγραφιά	3
γενή	3
άρχοντας	3
ελπίδες	3
έβγη	3
μπόρειε	3
μηνυτής	3
ανάβοντας	3
κάμπους	3
φωλιά	3
πέφτοντας	3
κεραυνός	3
φαντάζομαι	3
βουή	3
όποιον	3
λαχνό	3
κακός	3
πόθος	3
τάλλο	3
μένη	3
άκου	3
δω	3
πρωτο	3
τολμήση	3
πατήση	3
αργά	3
θαρθή	3
βωμό	3
κακού	3
φαντάζει	3
ολόγυρα	3
κεφάλια	3
παλάτι	3
ατιμία	3
σβύνει	3
κάκου	3
αργεί	3
βασιλεύει	3
κείνους	3
κορμιά	3
δικούς	3
άξιζε	3
βαρύς	3
μαύρο	3
περιμένει	3
καμιά	3
γένω	3
βίο	3
αληθινή	3
κρίση	3
φυσικό	3
άργους	3
χώματα	3
κήρυκα	3
έρχεται	3
τιμές	3
δάμασε	3
πόνος	3
έρχουνται	3
δροσιά	3
μεσημερνές	3
φέρνη	3
ακούη	3
παρ	3
πήγαινε	3
πε	3
βρη	3
πιστή	3
άκουσες	3
θρέφει	3
στράτευμα	3
όψη	3
θάλασσας	3
εχάθη	3
πάσα	3
δευτερο	3
όχθες	3
πολιτών	3
λιοντάρι	3
αχόρταγη	3
μοιάζουν	3
άραχλα	3
πλούτου	3
μέτρο	3
δείχνει	3
χάρου	3
βάθη	3
τούτα	3
πρόθυμος	3
κοινή	3
φύγη	3
κάθεται	3
όσες	3
πεθάνη	3
βρίσκεται	3
τιμή	3
χρέος	3
σπιτιών	3
ξέρε	3
θέλημά	3
σταλήθεια	3
φάδια	3
δρόμους	3
ρίζα	3
τριτο	3
λογισμούς	3
εύχομαι	3
απάνω	3
χυθή	3
γίνης	3
έδρα	3
άξιο	3
τόχω	3
ταλαίπωρη	3
κάνε	3
θρήνοι	3
χάνεις	3
μοιάζει	3
σκύλλα	3
μάρτυρες	3
βρέφη	3
χρειάζονται	3
βοήθεια	3
αθλία	3
χρησμούς	3
βρόχια	3
φέρουν	3
άνομο	3
εαυτού	3
κλάματα	3
κορμί	3
δίκοπο	3
άθλια	3
πάρα	3
ταχιά	3
καθείς	3
βλέπετε	3
ομοίους	3
δικοί	3
φαίνονται	3
σκοτώση	3
αγαμέμνονα	3
βγάζει	3
βάλη	3
γραφτό	3
θάνατό	3
τελευταία	3
νικήση	3
μπορέση	3
έργο	3
αρχύτερα	3
βουλή	3
σκοπού	3
ενάντια	3
αγώνας	3
πεσμένος	3
ξέρης	3
νεκρός	3
εξουσία	3
πας	3
καυχιέται	3
παλιά	3
δόλια	3
μορφή	3
παλιός	3
αρχαία	3
χτύπο	3
εσκότωσες	3
έπεσε	3
μανία	3
άθλιος	3
όλ	3
εσχεδίασες	3
ήμουν	3
σκότωσε	3
δέχομαι	3
θελήσης	3
συγγραφέων	3
φέξη	3
αριστοφάνης	3
στοιχείον	3
φοβερά	3
πρύμνα	3
παράπονο	3
αλόγων	3
πολιούχοι	3
α΄	3
βροντούν	3
β΄	3
ελάτε	3
γκέμια	3
σωτηρία	3
δέσποινα	3
αρμάτων	3
γένη	3
απόλλωνα	3
επεισοδιο	3
ανάμεσό	3
δόντια	3
κύματα	3
θάρρη	3
φοβάσαι	3
πάθω	3
μεγάλους	3
στρέφοντας	3
περήφανο	3
δουλεμένο	3
γυιό	3
πατρίδας	3
όμοια	3
χρυσά	3
τέτοιον	3
βάθος	3
ασπίδας	3
ταν	3
τυφώνα	3
πολυνείκη	3
θάνατο	3
ελπίζω	3
έλεγε	3
δίκαιος	3
πολεμούν	3
νέου	3
ερινύς	3
κληρονομιά	3
αμαρτία	3
ξένων	3
τέτοιαν	3
κίνδυνο	3
πλατωνος	3
σημασίας	3
επίδειξιν	3
ιδία	3
άπαξ	3
εναντίον	3
βέβαιον	3
είδους	3
ιδικόν	3
λέξεων	3
σοφά	3
δύναται	3
εκάθητο	3
αξιόχου	3
αριστερά	3
ηξεύρουν	3
αδελφοί	3
μάχης	3
εξασφαλίζει	3
συνθέτουν	3
δικαστήρια	3
ικανότης	3
πέρυσι	3
στοχάζομαι	3
υιούς	3
επιθυμία	3
διηγηθώ	3
κάθωμαι	3
μαθηταί	3
ερασταί	3
βλέμματά	3
φοράν	3
ειπήτε	3
μάθουν	3
κλεινίου	3
παρακλήσεις	3
εύκολον	3
αποδείξη	3
κάποιαν	3
απάντησε	3
εγνωρίζετε	3
απήντησες	3
εμείναμεν	3
λέγωμεν	3
κατάστασιν	3
ερώτησις	3
μανθάνει	3
ορθώς	3
αποκτά	3
καταγής	3
παιγνίδια	3
ώραν	3
ζήτημα	3
ανόητον	3
έμεινε	3
εξετάσωμεν	3
εύρη	3
κόπον	3
έλειψε	3
χειρότεροι	3
είπη	3
κινδύνους	3
πόλεμον	3
αμαθή	3
διαφορετικά	3
σύμφωνοι	3
ειπούμεν	3
ευτυχή	3
διδάσκη	3
εξής	3
χειρότερα	3
δυνάμεις	3
έλαβε	3
αμαθής	3
πουθενά	3
ενεργούν	3
ηρώτησεν	3
ευχαρίστησιν	3
αποδείξης	3
ήκουσες	3
δώσης	3
απόδειξιν	3
έκαμνε	3
ψεύματα	3
ψευδείς	3
δοξασίας	3
απόδειξέ	3
άλλοτε	3
απόκτησις	3
επιστήμης	3
γην	3
κάμνωμεν	3
ζητούμεν	3
ειπώ	3
διατί	3
πολιτικούς	3
βασιλεύειν	3
δικαιοδοσίαν	3
βοήθειάν	3
κατέχω	3
ανεπιστήμων	3
ηξεύρετε	3
ράπτετε	3
αποκριθώ	3
ιόλαος	3
πατροκλής	3
σωφρονίσκος	3
πέτραν	3
σκύλο	3
σκύλος	3
κρανία	3
σιωπούν	3
μάγειρον	3
πουλήσης	3
πατρώον	3
αθηναίοι	3
πυππάξ	3
πιστεύουν	3
μετέχουν	3
χαλκεύειν	3
σημείωση	2
σύστημα	2
αλλάξει	2
πολυτονικό	2
αρχαίου	2
ορεστεια	2
εκδοσεις	2
αθηναις	2
εκδοτικος	2
οικος	2
γεωργιου	2
δολοφονία	2
συζύγου	2
κόρης	2
κασσάνδρας	2
τρωικής	2
εκστρατείας	2
φθόνον	2
απατάται	2
αληθή	2
δράματος	2
αίγισθος	2
κασσάνδρα	2
έγκλημα	2
παγκοσμίου	2
θεάτρου	2
ποιητής	2
αττικόν	2
νόμος	2
απόλλωνος	2
ερινύας	2
ούτος	2
λαμβάνει	2
αθηνάς	2
σκοπός	2
έμαθα	2
σύναξι	2
άστρων	2
φέρνουν	2
θνητούς	2
θέρος	2
λάμψι	2
πάρθηκε	2
ορίζει	2
όνειρα	2
κλείση	2
ψάλλω	2
νάβρω	2
τραγούδι	2
μοιρολόι	2
μέρας	2
δυνατά	2
φωνές	2
σηκώση	2
ιλίου	2
κάνω	2
τρία	2
ρίχτει	2
μιλώ	2
πατάει	2
παροδος	2
χρόνος	2
αντίδικος	2
τιμημένο	2
ζευγάρι	2
χώραν	2
σήκωσαν	2
πλοία	2
άδεια	2
χάση	2
ύψιστος	2
τούτους	2
θρηνούν	2
εκδίκησι	2
στήση	2
τρώων	2
σπονδές	2
κρέας	2
παλιό	2
γερατειά	2
ωσάν	2
όνειρο	2
νέο	2
έμαθες	2
νάχης	2
βωμοί	2
δώρα	2
ανεβαίνει	2
γητειές	2
γιατρός	2
αχόρταγης	2
τούτης	2
νιότης	2
τρωική	2
κονταριού	2
λάγισσα	2
ώρας	2
κοιλιά	2
πολεμάρχους	2
ατρείδες	2
φθόνο	2
αγνή	2
γέννας	2
γέννα	2
εχθρεύεται	2
δροσιές	2
καιρούς	2
ανίερη	2
πολλών	2
συγγενικών	2
δολερή	2
τόνομα	2
ονομάζω	2
ούτ	2
νικητή	2
γνώσεως	2
καρπό	2
ωδήγησε	2
έβαλε	2
νόμο	2
πάθος	2
αθέλητα	2
αρχηγός	2
μεγαλύτερος	2
γαλήνη	2
ανέμοι	2
νηστικούς	2
παλαμάρια	2
κάνοντας	2
άρτεμη	2
καταγίς	2
τρανός	2
πόχω	2
ναφήσω	2
γύρισε	2
μηδ	2
αποκοτιά	2
γυναίκειο	2
πολεμόχαροι	2
δούλους	2
ευχή	2
βουβή	2
πλούσια	2
τραπέζια	2
γένηκε	2
τέχνες	2
λείπη	2
φανερό	2
ήρθα	2
καλές	2
πήραν	2
καθαρά	2
κεφαλής	2
καπνούς	2
στέργω	2
τανέμου	2
πήρες	2
φτάση	2
λαμπρή	2
ίδα	2
φωτιές	2
ερμή	2
κείθε	2
βίγλες	2
βαριά	2
ρέμμα	2
σκοπούς	2
φεγγάρι	2
ζήλο	2
κοιτάζουν	2
γειτονικές	2
ίδας	2
νόμους	2
παίρνη	2
τελευταίος	2
θαυμάζω	2
αχαιών	2
νικητών	2
νικημένων	2
ξεφωνητά	2
μοίρας	2
αδερφών	2
γέροι	2
τάξη	2
γλυτωμένοι	2
πολιούχους	2
πιάση	2
τόσους	2
κόπους	2
πλεμμάτια	2
γυρεύη	2
δοξάρι	2
λέη	2
θείο	2
νωρίς	2
χρυσάφι	2
φρόνιμος	2
δίκης	2
σπρώχνει	2
ανάβει	2
κρύβεται	2
βγαίνει	2
καταραμένη	2
τρέχει	2
ψεύτικο	2
μωρό	2
ντροπιάση	2
παρακάλια	2
ψωμί	2
αφίνοντας	2
ασπίδων	2
αφανισμό	2
προφήτες	2
χνάρια	2
αποθυμιά	2
ύπνου	2
άλλες	2
αβάσταγο	2
πένθος	2
θλίψη	2
μοναχά	2
καθενός	2
λεβέτια	2
κρυφά	2
φθόνος	2
έχθρητα	2
κρύβει	2
απλέρωτη	2
αφίνουν	2
μαύρες	2
ερινύες	2
άδικη	2
γρήγορη	2
απάτη	2
μαντάτα	2
γυναικός	2
σβήνει	2
αληθινές	2
κήρυξ	2
ξύλα	2
λογισμών	2
πατώ	2
δέκα	2
μεγάλε	2
βέλη	2
βοηθός	2
γ	2
ί	2
υ	2
ήρωες	2
στείλετε	2
τιμημένα	2
χαρούμενοι	2
δεχθήτε	2
ιερά	2
πρέπουν	2
πάθημα	2
πριαμίδες	2
είχετε	2
μαύρος	2
ποθάνω	2
διάβα	2
ζερβά	2
είτανε	2
στεριά	2
ουρανό	2
τρίχα	2
αγέρα	2
πεθαμένους	2
σκοπό	2
λύπες	2
ζημία	2
λάφυρα	2
εκκλησιές	2
μαθαίνη	2
γελάστηκες	2
πήρα	2
γυναίκεια	2
δεξίμια	2
ιδή	2
ανοίξη	2
σκύλα	2
κείνον	2
χαλάση	2
έλειπε	2
γιομάτη	2
μενέλαο	2
πες	2
τόνα	2
φανερά	2
μπόρα	2
τοξότης	2
πεθαμένος	2
κακές	2
ειδήσεις	2
διπλή	2
έρχομαι	2
σωτηρίας	2
χαρούμενη	2
θεία	2
όρκο	2
βροντούσε	2
βοσκός	2
βλέπομε	2
έβγαλε	2
κρατόντας	2
μεις	2
ξέροντας	2
νύφη	2
σπαθιά	2
φόνους	2
όλεθρος	2
ανδρών	2
κάστρων	2
εκίνησε	2
τραγουδούνε	2
πολυθρήνητο	2
βυζί	2
νάτανε	2
κρατούσε	2
ακάλεστος	2
κοπάδια	2
φονικό	2
γάμους	2
ασύντυχη	2
ξένιο	2
παλαιός	2
γεννά	2
καλοτυχιά	2
δυστυχία	2
καλότυχη	2
γεννιά	2
βγάζουν	2
απόκοτη	2
γονιούς	2
φεύγει	2
εσέ	2
τρωάδας	2
βιάζει	2
γελιέται	2
μάθης	2
έμενεν	2
καπνό	2
πουλάρι	2
τόχουν	2
φαρμάκι	2
δικής	2
ακλούθησε	2
εστία	2
πηγαίνω	2
ντραπώ	2
λαβωματιές	2
έφερνε	2
στανιό	2
ορέστης	2
καλοθελητής	2
αναρχία	2
γερουσία	2
πηγές	2
έβλεπα	2
ετούτα	2
πλοίου	2
ανέλπιστα	2
τέτοιων	2
κεφάλι	2
κατέβαινε	2
αμάξι	2
χάλασε	2
δούλες	2
στράτα	2
ταιριάζη	2
θνητός	2
αρνηθής	2
ζηλεύης	2
νικήσης	2
μείνη	2
φεύγω	2
ετούτη	2
καλωσύνη	2
σκληρός	2
πολλήν	2
φτώχεια	2
μαντεία	2
ξυνή	2
κυβερνάει	2
πείσμα	2
σκοτεινά	2
ξανά	2
στήσω	2
μάρτυρας	2
μάταια	2
σπλάχνα	2
χύση	2
βυθού	2
σοδειάς	2
χάμω	2
πεθαμένο	2
καμμιάν	2
τίποτα	2
υπόφερε	2
παύει	2
τόχης	2
τέτοιος	2
γόους	2
οδηγέ	2
δεύτερη	2
φονικά	2
δικών	2
μαχαίρι	2
κρέατα	2
ακουστά	2
λουτρό	2
γοργό	2
παπαί	2
κλάψη	2
ταύρο	2
δόλο	2
θάσαι	2
δώσανε	2
προσμένει	2
κακομελετάς	2
γάμοι	2
φίλων	2
αχέροντα	2
χρησμός	2
σφαγμένα	2
παχιά	2
βάζει	2
ορμή	2
ξέρεις	2
όρκος	2
όντας	2
αγωνιστής	2
θεϊκιά	2
έμεινες	2
νέους	2
φαΐ	2
τρισάθλιο	2
νικητής	2
μισητό	2
τέρας	2
προφήτισσα	2
δείπνο	2
θυέστη	2
σάρκες	2
παραμύθια	2
χυμίζει	2
λύκειε	2
λείπει	2
φτωχιά	2
δικιά	2
πλερωμή	2
μαντικά	2
τύχες	2
τόλμη	2
οδηγάει	2
γλυτωμό	2
ήρθεν	2
φύγω	2
ωραίο	2
ποθάνη	2
φόνον	2
όμοιος	2
στερνό	2
πλερώση	2
κάμουμε	2
άρχισαν	2
βρω	2
δώσω	2
πέθανε	2
κεφαλή	2
χαμού	2
ηύρε	2
αρνιούμαι	2
ξεφύγη	2
ατέλειωτο	2
χτυπώ	2
τρίτη	2
ταίριαζε	2
δικάζεις	2
εθυσίασε	2
νάμαι	2
κρίνη	2
σκαμνί	2
καραβιού	2
βρήκαν	2
φύλακας	2
χάνει	2
δίνεις	2
γενεάς	2
τελειώση	2
μαύρης	2
αράχνης	2
μέλλονταν	2
σούπρεπε	2
δολερός	2
πράξη	2
γενιάς	2
χύνοντας	2
βλαστάρι	2
ιφιγένεια	2
απορώ	2
δεχτή	2
θάψη	2
λεν	2
χάρος	2
αδελφό	2
αφορμής	2
κόψη	2
παίρνει	2
σφαχτάρια	2
σκοτώσης	2
πέτρες	2
καρτέρι	2
θρήνων	2
εχθρός	2
τόσος	2
πάθουν	2
βάζουν	2
αργείους	2
έχομε	2
υπήρξεν	2
σταθμός	2
ελληνικά	2
χρονικά	2
προσφερόταν	2
ελληνικό	2
αναγνωστικό	2
σκέψη	2
ιστορία	2
ποίηση	2
δικανικός	2
πολιτικός	2
δημιουργικές	2
μεταφορές	2
άριστους	2
μεταφραστές	2
τόπου	2
εξελισσόμενο	2
γλωσσικό	2
όργανο	2
όμηρος	2
τραγικοί	2
ηρόδοτος	2
θουκυδίδης	2
ξενοφών	2
αριστοτέλης	2
θεόκριτος	2
θεόφραστος	2
επίκτητος	2
πλούταρχος	2
λουκιανός	2
προσφέρονται	2
κλασικές	2
μεταφράσεις	2
πολυλά	2
ραγκαβή	2
μωραϊτίδη	2
κονδυλάκη	2
ποριώτη	2
τανάγρα	2
πολέμη	2
καμπάνη	2
καζαντζάκη	2
βάρναλη	2
αυγέρη	2
βουτιερίδη	2
ζερβού	2
φιλαδελφέως	2
τσοκόπουλου	2
χρηστομάνου	2
τσέπης	2
ελλάδα	2
αναφέρεται	2
ανατυπωθηκε	2
απο	2
χρηματιστηριο	2
βιβλιου	2
αθηναι	2
πανεπιστημιου	2
θεσσαλονικη	2
τσιμισκη	2
τιμη	2
τομου	2
δραχμες	2
ηλεκτρονική	2
μεταγραφή	2
διορθώσεις	2
ονομάζει	2
άρεως	2
λάιος	2
ποιητού	2
ενταύθα	2
επικρατεί	2
τειχών	2
ετεοκλέους	2
πολυνείκους	2
οιδίποδος	2
μοίραν	2
ύμνον	2
ίδιαι	2
ισμήνης	2
ταφήν	2
ευσεβής	2
υπόθεσιν	2
προσωπα	2
βλέφαρά	2
διαφεντεύη	2
ζώρη	2
αυτιά	2
πουλιά	2
αποφάσισαν	2
σταθήτε	2
φοβάσθε	2
σφάζοντας	2
σκοτωμένοι	2
άγριο	2
ανάβλεμμα	2
κλήρους	2
άφησα	2
χραίνει	2
χω	2
πό	2
θεές	2
ξεπερνά	2
σκουτάρια	2
προσπέσω	2
πατρικών	2
άρματα	2
προστάτευε	2
απαγγέλλεται	2
διαφέντευέ	2
στέκουν	2
πολεμόχαρη	2
διώχνοντας	2
γλύτωσέ	2
είμαστε	2
άναξ	2
αξόνια	2
χαλάζι	2
γυιέ	2
όγκα	2
θεά	2
πήτε	2
πράματ	2
ωφελούν	2
τρέχοντας	2
δειλία	2
φροντίζη	2
απόφαση	2
βροντοχτύπημα	2
εχθρική	2
πύργοι	2
βαστάει	2
τιμάς	2
γνοιάζομαι	2
βρουχισμός	2
γλώσς	2
αρπάζει	2
κάμ	2
άγιο	2
δίρκης	2
τωνε	2
ναούς	2
αντιμάχους	2
ρθουν	2
σμάρια	2
τρέχουν	2
προστάτες	2
θρονιασμένοι	2
τραβούνε	2
χήτες	2
πόλις	2
αντάρα	2
βαρειές	2
πεθαίνουν	2
μαύρα	2
γύρου	2
εχθρικούς	2
πίνουν	2
κράζει	2
λίγα	2
νέες	2
ηγεμων	2
γνωρίζοντας	2
διψώντας	2
βρισιές	2
κράνους	2
κουδούνια	2
ποιόν	2
θεν	2
αξίζη	2
τυδέα	2
τάξω	2
περήφανα	2
αργός	2
κληρώθηκε	2
είπαμε	2
φοβέρες	2
κουρσέψη	2
κάψες	2
κρατεί	2
καύχησές	2
φοβερίζει	2
φουσκωμένα	2
αντρεία	2
τρίτος	2
προσβάλη	2
θέλοντας	2
αρματωμένος	2
καύχησες	2
μανιωμένα	2
τεχνίτης	2
αδέρφι	2
φείδια	2
μαινάδα	2
κομπασμοί	2
αθηνά	2
μνήμα	2
νιότη	2
έχοντας	2
προφύλαγμα	2
πέφτουν	2
αδερφός	2
βγούνε	2
τρίχες	2
ακούοντας	2
τούτων	2
ακούσουν	2
πατρική	2
τιμωρία	2
βουλές	2
κακή	2
χάθηκε	2
προφήτης	2
γέροντας	2
ρθή	2
πλοίο	2
θεομίσητ	2
μητρός	2
άκουσε	2
λυώνει	2
αδερφικό	2
καλού	2
ώρ	2
τέκνων	2
όση	2
θελήση	2
παλιές	2
εαυτό	2
βαρειά	2
ξένοι	2
αθλίους	2
κεφαλές	2
λάιου	2
ποιοι	2
έφθασαν	2
αδερφικά	2
τρισάθλια	2
κτήματά	2
χουν	2
ταφή	2
δείξω	2
λ	2
τάφο	2
ανυπάκουη	2
εκάμετε	2
πόνους	2
αδερφές	2
όλες	2
στενάζω	2
τρυπημένοι	2
δυστυχισμένη	2
πικρός	2
πληγήν	2
έδωσες	2
σκοτώθηκες	2
χυθήτε	2
διπλές	2
ιώ	2
μεγαλόδωρη	2
πόνων	2
πικρών	2
φριχτά	2
αποφασίζουν	2
αδερφό	2
άταφος	2
θάψω	2
πάρω	2
ισχυρός	2
περιττά	2
ηθέλησε	2
κλάψουνε	2
πάμε	2
παραδέχεται	2
αγκύλες	2
αφορούν	2
μικρού	2
διαλόγου	2
λυκείου	2
σοφισταί	2
είχον	2
άκραν	2
περιφρόνησιν	2
αληθινήν	2
άλλως	2
ίσου	2
αντισθένην	2
αντικείμενον	2
τοιούτου	2
αντιπάλων	2
γελωτοποιούς	2
περισσής	2
αηδίας	2
διαλεκτικήν	2
σχολής	2
εριστικούς	2
αποτελούν	2
εριστικής	2
γέλωτας	2
επευφημίας	2
παίζουν	2
διπλήν	2
κατασκευήν	2
φράσεως	2
τινος	2
νόημα	2
διαφόρους	2
σειράν	2
οποίοι	2
αδυνάτου	2
επιτρέπεται	2
θέτει	2
δίδουν	2
ζωήν	2
διάλογος	2
ημπόρεσα	2
εμεγάλωσε	2
ηλικία	2
θουρίους	2
θαυμασία	2
ικανοί	2
πρώτοις	2
διδάσκουν	2
τελειότητα	2
ήθελεν	2
παραδώσω	2
υπόσχονται	2
δίδει	2
θελήσουν	2
μαθητήν	2
μερικούς	2
μάθωμεν	2
επρόσεξα	2
έτυχε	2
είδες	2
σημείον	2
νέοι	2
ήρχισαν	2
συνήθως	2
είδαν	2
ημάς	2
εστράφηκα	2
παρουσιάσω	2
μικρά	2
ασήμαντα	2
μυστήρια	2
γένει	2
πάρεργα	2
διδάξωμεν	2
κύριε	2
οπλομαχητικής	2
ήλθετε	2
πρώτην	2
επάγγελμα	2
επικαλούμαι	2
απήντησαν	2
έδειξα	2
είπω	2
αρχάς	2
κτησίππου	2
αδελφούς	2
απευθυνόμενος	2
τρόπου	2
αναγνωρίζω	2
υμών	2
ημπορείτε	2
ενάρετον	2
αρετή	2
ούτω	2
καλύτερ	2
έχωμεν	2
προλάβη	2
υπάρχη	2
αυτολεξεί	2
ύφος	2
πεποίθησιν	2
σώκρατες	2
σχεδόν	2
αποκριθή	2
καλώς	2
ταύτα	2
αναλάβη	2
ήρχισε	2
εκοκκίνησε	2
αυτί	2
ολόκληρον	2
απαντήση	2
έλεγεν	2
ευρήκα	2
προσέξη	2
απάντησίν	2
οποίους	2
ονομάζεις	2
καταφατικώς	2
ιδικοί	2
τούτοις	2
εξηκολούθησε	2
απαγγέλλει	2
παρεδέχθη	2
μανθάνεις	2
μανθάνη	2
σημαίνει	2
αποκτούν	2
εννοήσης	2
ποίος	2
μυήσουν	2
πρόδικος	2
ήθελαν	2
περίστασιν	2
καταλαμβάνω	2
συνέβη	2
έκαμαν	2
έλθη	2
αναλάβω	2
επαίξατε	2
εκθέσω	2
αντικειμένου	2
γελοία	2
ακούσετε	2
άρχισα	2
κάνη	2
επιθυμεί	2
πλούσιος	2
άλλαι	2
αξιώματα	2
ορθόν	2
παρελείψαμεν	2
ολίγο	2
θεωρούν	2
καταγέλαστοι	2
γελοίον	2
είπης	2
συνέβαινε	2
μεγαλυτέρας	2
επιτυχίας	2
ευχαριστημένοι	2
ήμεθα	2
ημπορούσαμεν	2
τεχνίται	2
ανεφέραμεν	2
κτήσις	2
προσέτι	2
χρησιμεύει	2
διδάσκει	2
μεταχειριζώμεθα	2
φρόνησιν	2
εξέτασε	2
περιπίπτη	2
σφάλματα	2
πτωχός	2
ασθενής	2
εαυτά	2
εξουσίαν	2
παραλάβη	2
χρήματα	2
εραστήν	2
δεήσεις	2
καμμία	2
ιδέας	2
γεμάτος	2
ανέκραξα	2
ευδαιμονίαν	2
παραδεχθής	2
επιστήμας	2
επέρασε	2
διάθεσιν	2
έσπευσα	2
ακούεται	2
ρήτορες	2
ομιλώ	2
συμφώνως	2
επανέλαβεν	2
κακώς	2
πειράγματα	2
ύβρεις	2
συμβουλεύω	2
λέξεις	2
μόνοι	2
ζητούν	2
σφάξη	2
βράση	2
καταντήση	2
βεβαία	2
ημπορέσης	2
ισχυρίζεσαι	2
ημπορούμεν	2
ενθυμείσαι	2
αντιλέγομεν	2
αντιλέγαμεν	2
ομιλείς	2
αληθές	2
αναπολόγητος	2
εσιώπησεν	2
θαυμασμόν	2
συλλογισμού	2
φιλόσοφοι	2
ομιλή	2
αμάθεια	2
υπήρχε	2
εννοεί	2
φράσις	2
αποκρίνεται	2
φλυαρής	2
ομολογείς	2
ερώτα	2
εννοούν	2
θαυμαστή	2
σοφιστήν	2
σπουδαιολογήσουν	2
εμφανισθούν	2
μορφήν	2
ικετεύω	2
υπόλοιπον	2
αποκτήσωμεν	2
ωφελήση	2
εγνωρίζαμεν	2
γνώσις	2
ωφελούσε	2
λίθους	2
ιατρική	2
τοιαύτην	2
κιθαροποιοί	2
κατασκευάζει	2
διαφέρουν	2
λογοποιούς	2
απαράλλακτα	2
λογοποιών	2
εξορκιστών	2
γητεύει	2
στρατηγική	2
κυνήγι	2
πόλιν	2
ευλογημένε	2
υπέρτερον	2
ευρήκετε	2
γελοίοι	2
επέσαμεν	2
ιδούμεν	2
εξασκούσα	2
εξασκεί	2
απαντούσες	2
βασιλική	2
ομολογώ	2
ωφέλιμος	2
παρέχη	2
ξυλουργικήν	2
άλλας	2
χρησιμεύη	2
κύκλον	2
ήρχισα	2
αποδείξω	2
ευρίσκομαι	2
άφησέ	2
εφαίνετο	2
απαντάς	2
καταλαβαίνω	2
φαντάζεσαι	2
εζητούσα	2
αποσύρω	2
αλλέως	2
ήσουν	2
διδάξη	2
ημπόρεσε	2
ιδικός	2
ανεψιός	2
επεθυμούσα	2
ενόμιζα	2
παροιμία	2
λινάρι	2
κουταβιών	2
κτυπάς	2
εγέλασε	2
φάρμακον	2
ήτον	2
θαυμαστότερον	2
λαλούντας	2
λαλούντα	2
δάγκασε	2
βλαστημάς	2
αποκτήσω	2
άσχημον	2
χαλκέα	2
κεραμέα	2
γδέρνη	2
κόπτη	2
κομμάτια	2
μπορούσες	2
θυσιάσης	2
ζευς	2
ηράκλεις	2
ηρακλής	2
πύππαξ	2
υπ	2
ολίγοι	2
στόματα	2
συζητήσεις	2
οποιοσδήποτε	2
συζητήτε	2
μαθητάς	2
συζητούν	2
ήκουες	2
πρώτοι	2
καταγίνονται	2
παρουσιάση	2
ευρίσκω	2
ρήτωρ	2
τοιούτους	2
σοφώτατοι	2
πάσης	2
εκτιμήσεως	2
ολίγη	2
επίφασιν	2
ευρίσκονται	2
σύγκεινται	2
γίνονται	2
τείνουν	2
επαγγέλλονται	2
υιόν	2
μεταφραστή	2
χαροκόπο	2
δηλ	2
σιγώντα	2
αμφιλογία	2
τίνα	2
οίνος	2
έλαιον	2
τονικό	1
παραμένει	1
επιλέξει	1
υποθέσει	1
λείπουν	1
υποδείξει	1
έλλειψη	1
φυσικώ	1
λόγω	1
κλυταιμνήστρας	1
εραστού	1
αιγίσθου	1
ώφειλε	1
ναποτελέση	1
φοβεράν	1
ψυχραιμίαν	1
αγρίαν	1
καυχάται	1
πράξιν	1
θεωρεί	1
δικαιοτάτην	1
εκδίκησιν	1
θυσίαν	1
ιφιγενείας	1
συζυγικάς	1
απιστίας	1
ώκνησε	1
παρουσιασθή	1
επισήμως	1
επιστροφήν	1
παλλακής	1
απουσίαν	1
βασιλέως	1
απετέλει	1
συμβούλιον	1
κράτους	1
δώδεκα	1
γέροντες	1
εκφράζει	1
ανησυχίαν	1
τελικήν	1
έκβασιν	1
φοβείται	1
επικρεμάμενον	1
αχαλίνωτον	1
φιλοδοξίαν	1
υπεράνθρωπον	1
ελατήρια	1
δολοφονίας	1
παρουσιάζεται	1
σκηνής	1
γαυριών	1
κομπάζων	1
εραστής	1
μένουσα	1
ανακτόρων	1
καταλαμβάνεται	1
προφητικού	1
οίστρου	1
αποκαλύπτει	1
χορόν	1
εκτελούμενον	1
θρηνολογεί	1
τραγικωτέρας	1
μεγαλοπρεπεστέρας	1
σκηνάς	1
λοιπαί	1
μεταβολαί	1
επέφερεν	1
μύθον	1
υπηγορεύθησαν	1
πολιτικών	1
έμελλον	1
προέλθωσιν	1
συγκρούσεως	1
παλαιάς	1
δωρικής	1
παραδόσεως	1
αίματος	1
δωρικήν	1
παράδοσιν	1
επιβάλλει	1
σιγήν	1
βιαία	1
παρέμβασις	1
αποκρούοντος	1
βελών	1
σεβαστά	1
αιώνος	1
ικανοποιήται	1
λύσεως	1
αισχύλω	1
ορέστου	1
δικαιολογείται	1
αθωούται	1
μητροκτόνος	1
επεμβάσεως	1
αντιπροσωπεύει	1
ανθρωπινώτερον	1
συναίσθημα	1
επιεικείας	1
φρουρος	1
γλυτώσουν	1
βάσαν	1
ολάκερο	1
σκυλλί	1
άγκωνά	1
πλαγιασμένος	1
φυλάω	1
νυχτερινών	1
λαμπεροί	1
φαντάζουν	1
καρτερώ	1
σύνθημα	1
είδησι	1
ανδρόψυχη	1
ελπίζει	1
αβόλευτο	1
δροσομουσκεμένο	1
διώχνει	1
στρώμα	1
ματόφυλλά	1
βαλθώ	1
μουρμουρίσω	1
γιατρικό	1
νύστας	1
καλύτερο	1
κυβερνιέται	1
βάσανά	1
έλαμψε	1
καλοφάνερη	1
νύχτας	1
νυχτερινή	1
λαμπάδα	1
δείχνεις	1
μηνάς	1
στηθούν	1
κράξω	1
ατρείδη	1
σηκωθή	1
γώ	1
κυρίων	1
έξ	1
κύβος	1
σφίξω	1
σεβαστό	1
έπαιρνε	1
ξάστερα	1
τάλεγε	1
νοιώθουν	1
ξέρουν	1
δέκατος	1
δυνατός	1
μενέλαος	1
σκήπτρο	1
χίλια	1
αργίτικα	1
ζητήσουν	1
κράζοντας	1
άγριαν	1
γύπες	1
κοίτη	1
φτερολάμνοντας	1
στριφογυρίζουν	1
ζεστή	1
φωλιάς	1
φροντίδα	1
είτ	1
γειτόνους	1
ενόχους	1
ξένιος	1
γυιούς	1
αλέξαντρο	1
αγώνα	1
πολυαγάπητη	1
λυγίσουνε	1
γόνα	1
προμάχων	1
κοντάρια	1
τριφτούν	1
γραμμένο	1
αλύγιστη	1
απρόσδεκτης	1
μαλάξη	1
ανωφέλευτοι	1
ξεκινούσανε	1
εμέναμε	1
σερνόμαστε	1
βλασταίνη	1
μυαλός	1
ρεύουν	1
φύλλα	1
σέρνει	1
τριπλό	1
πλανιέται	1
τυνδάρου	1
αγγελία	1
ετοιμάζεις	1
αστυνόμων	1
υπάτων	1
χθονίων	1
θυραίων	1
αγοραίων	1
καίουν	1
ουράνια	1
αγίου	1
θρεμμένη	1
λαδιού	1
αγνές	1
καθάριες	1
κελλάρια	1
λέγοντάς	1
γίνου	1
φροντίδας	1
δέρνει	1
διώχτει	1
καρδιοσωμό	1
έγνοιας	1
εμπνέουν	1
τραγουδιού	1
ξεπροβοδάει	1
ελληνικής	1
δίθρονη	1
ομογνώμους	1
αρχηγούς	1
φάνηκαν	1
άσπρη	1
ουρά	1
πρόφαντη	1
ψηλή	1
αρπάζοντας	1
σπαράζανε	1
τελευταίο	1
πρόσβαρη	1
απείκασε	1
λαγοφάγους	1
αητούς	1
οδηγούς	1
αδερφούς	1
ισόψυχους	1
μαντεύοντας	1
ξεκινά	1
αρπάξει	1
βιά	1
θεϊκό	1
βλαβή	1
ζώνη	1
δυνατή	1
παρθένα	1
αρτέμιδα	1
πονετικιά	1
μάχεται	1
φτερωτά	1
σκυλιά	1
σπάραξαν	1
κακομοίρα	1
αητών	1
δείπνα	1
καλόβουλη	1
τρυφερές	1
πυρών	1
λεονταριών	1
γαλαθηνές	1
αγρίων	1
θηρίων	1
ζητάει	1
ψεγάδια	1
καλώ	1
βοηθό	1
ενάντιους	1
δαναούς	1
δέσουν	1
αταξίδευτα	1
απρόσφορη	1
δεινών	1
άφοβη	1
ξυπνήση	1
θυμάμενη	1
τέκνου	1
κάλχας	1
διαλάλησε	1
μελλούμενα	1
βασιλικά	1
καλήται	1
στάθμη	1
ταπεικάζω	1
βρίσκω	1
αμφιβολίας	1
βγάλω	1
ακατανίκητος	1
θρασομανούσε	1
υπήρξε	1
μνημονευτή	1
πήγε	1
τρυγά	1
μάθος	1
στάζει	1
θυμίζει	1
τρόμο	1
παθήματά	1
συνετίζει	1
αυστηροσύνη	1
στόλου	1
τούρθαν	1
καιροί	1
ενάντιοι	1
άρχισε	1
τυραγνή	1
πούτανε	1
περ	1
χαλκίδα	1
αυλίδας	1
πολυτάραχο	1
στενό	1
πνέοντας	1
στρυμόνα	1
κακόβουλα	1
λιμάνια	1
αργούς	1
ίδιους	1
τόπους	1
ταλαιπωρούσαν	1
έφθειραν	1
ξενεύριζαν	1
αργία	1
βαρύτερη	1
προφασισμένος	1
βροντόντας	1
ρήγας	1
πράξω	1
σφάξω	1
καμάρι	1
μολύνω	1
ολούθε	1
προδότης	1
γίνω	1
συμμάχους	1
ζητούνε	1
λουφάξουνε	1
μπήκε	1
ανάγκης	1
άνεμος	1
δυσσεβείας	1
όσιο	1
ιερό	1
λογιάζει	1
λογισμού	1
βήμα	1
αχρείος	1
σύμβουλος	1
απομωραίνει	1
συλλογικό	1
εγκαινιάση	1
θυσιάση	1
διπλοπαρακάλια	1
λόγιασαν	1
τρυφερά	1
νιάτα	1
αρχηγοί	1
πρόσταξε	1
σηκώσουν	1
ρίφι	1
τυλιγμένη	1
προύμυτα	1
φράξουν	1
τόμορφό	1
φίμωτρου	1
καταραστή	1
κυλά	1
φόρεμά	1
ζαφρά	1
δημίους	1
χτυπά	1
ματιώ	1
σαϊτιές	1
πονετικές	1
έμοιαζε	1
νάθελε	1
μιλήση	1
τραγουδήση	1
παρθενικιά	1
ταγαπητού	1
καλοροίζικο	1
έψαλλε	1
αλάθευτες	1
κάλχαντα	1
αναγκάζει	1
νακούσης	1
όμοιο	1
στενάζης	1
θαλθή	1
αυγής	1
νάβγουν	1
ποθεί	1
πλησιάζει	1
απίας	1
σέβας	1
λείψη	1
προσκυνούμε	1
ακουσμένα	1
θυσιάζεις	1
πρόθυμα	1
δικαίωμά	1
καλής	1
λαμπροφόρα	1
ανέλπιστη	1
ετοιμάσου	1
έλληνες	1
άκουσα	1
ταυτιά	1
τόπα	1
πνίγει	1
στήθος	1
μαρτυρούνε	1
βέβαιο	1
απατούνε	1
ονειροφαντασίες	1
πιστέψη	1
καρωμένης	1
κορασιά	1
αλαφρόμυαλη	1
γεννήση	1
ήφαιστος	1
στέλλοντας	1
πανωτές	1
αγγαρεμένες	1
ξεπροβοδούν	1
κάβο	1
λήμνου	1
αγιονόρος	1
παραλαβαίνει	1
πεύκα	1
αρίφνητη	1
σκεπάζοντας	1
χρυσοφέγγισμα	1
πελάου	1
πλάτη	1
μακίστου	1
αγγάρεψε	1
κείνος	1
ανάμελλος	1
παρμένος	1
ξαστοχά	1
χρέη	1
ταγγέλου	1
εύριπου	1
μεσσάπιου	1
τούτοι	1
αντιφωτούν	1
ξεπροβοδίζουν	1
ξερά	1
ταρείκια	1
στίβες	1
φουντωμένη	1
ασωπού	1
μελιχρό	1
ψηλές	1
κορφές	1
κιθαιρώνα	1
ταξιδεύτρα	1
στήνει	1
αρνιέται	1
βίγλα	1
προσταγμένο	1
δρασκελόντας	1
γοργώπη	1
λίμνη	1
αιγίπλαγκτο	1
μηνάει	1
τάξι	1
αμελούνε	1
γλώσσες	1
φλογών	1
σηκώνουν	1
περνόντας	1
τακρόβραχα	1
σαρωνικό	1
αραχναίου	1
χτυπάει	1
στέγες	1
προπάππο	1
τέτοιους	1
λαμπαδοφόρων	1
δίνη	1
νίκησε	1
σύμβολα	1
μόχει	1
τρωάδα	1
προσευχές	1
νακούω	1
θάθελα	1
άπαυτα	1
ασύσμιχτη	1
χύσης	1
πινάκι	1
λάδι	1
ξύδι	1
ταράζουνται	1
ανάρια	1
θάχης	1
νακούς	1
ανόμοιας	1
πεσμένοι	1
κουφάρια	1
αντράδων	1
παιδιώ	1
γονιοί	1
θρηνούνε	1
αγαπημένων	1
λεύτερο	1
νυχτοπλάνητος	1
κόπος	1
στρώνει	1
τραβήξη	1
σκλαβωμένα	1
στεγάζουν	1
τανοιχτού	1
κάμπου	1
παγωνιές	1
αφύλαχτοι	1
κοιμηθούνε	1
σεβαστούνε	1
νικημένης	1
ιδρύματά	1
νικήσαν	1
νικηθούνε	1
ναρπάζη	1
κέρδους	1
σταδίου	1
στρίψη	1
γυρίσουν	1
ακοίμητο	1
σκοτωμένων	1
αξιωθώ	1
ευχόμουν	1
μιλείς	1
φρονίμου	1
αλάθευτα	1
ετοιμαστώ	1
ευχαριστήσω	1
δόθηκε	1
μιστός	1
παντοδύναμε	1
αγαπητή	1
οπόχεις	1
ταναρίθμητα	1
πυκνά	1
έρριξες	1
σιδερένια	1
δαχτυλίδια	1
μεγάλοι	1
μπορούν	1
μήτ	1
άγουρα	1
ανώφελα	1
πηδήσουνε	1
ξάπλωσε	1
τριγύρω	1
μαζεύει	1
ξένιε	1
τιμώ	1
τεντώνεις	1
ρίξης	1
άνεργο	1
θυμό	1
αδικητή	1
δικαιοσύνης	1
απλέρωτον	1
σηκώνει	1
ασήμι	1
σκορπισμένο	1
μαζεμένο	1
παραφορτώνει	1
αρκιέται	1
στενοχωριέται	1
θησαυροί	1
περισσοί	1
γλυτώνουν	1
ποδοπατήση	1
φρενών	1
πόθο	1
γιατριά	1
τριβή	1
ξεβάφει	1
θωριά	1
ζητά	1
γονικά	1
ταμαρτωλά	1
βρέξη	1
αλάτι	1
ντράπηκε	1
κλέψη	1
λογχών	1
κρότους	1
ναυτικούς	1
εξοπλισμούς	1
τρωαδίτες	1
προίκα	1
διάβηκε	1
τόλμησε	1
τολμόντας	1
πολυαναστενάζοντας	1
ελέγανε	1
κερωτόθυμα	1
δήτε	1
απαραπόνευτο	1
παρατημένο	1
αδιάντροπα	1
λαχτάρα	1
φευγάτης	1
φαντάζεται	1
φάντασμά	1
εμορφιά	1
θλιμμένο	1
στειρεμένο	1
κέρχουνται	1
ονειροφάνταχτοι	1
θλιβεροί	1
ύπνους	1
ήσκιοι	1
ανώφελη	1
νομίζει	1
ονείρατά	1
γλυστρά	1
τόραμα	1
νακολουθήση	1
φευγάτου	1
βαριές	1
ραγίζουν	1
καρδιές	1
πόστειλε	1
νεκροδόχες	1
γυρίζουν	1
παλλάζει	1
μάλαμα	1
ζυγαριά	1
μάχες	1
ίλιο	1
βαρυά	1
πικροθρήνητα	1
καρβουνωμένα	1
θρύψαλα	1
γιομίζοντας	1
ευκολοβάσταγα	1
ανθρώπω	1
εγκωμιάζουν	1
πόπεσε	1
παλικαρίσια	1
ψιθυρίζεται	1
σιγογλυστράει	1
πρόμαχους	1
τείχη	1
πολυεπαινεμένοι	1
μνήματα	1
νικημένη	1
σκοτεινό	1
νακούση	1
χύνουν	1
αναποδογύρισμα	1
μαυρίζουν	1
ξεγραφή	1
αμέτρητη	1
προκρίνω	1
αζήλευτη	1
καταχτητής	1
νάθελα	1
σκλαβωμένο	1
καλοφάνερης	1
λειψή	1
πυρώση	1
θλιβή	1
νανοίγη	1
φανερώση	1
ευκολοπίστευτη	1
ξαπλώνει	1
ταχυθάνατος	1
γυναικόσπαρτος	1
κορυφαιος	1
μάθωμε	1
επανωτές	1
τερπνό	1
ξεσήκωσε	1
γιαλό	1
προβαίνει	1
ελιάς	1
κλαδόφυλλα	1
μάρτυράς	1
κορνιαχτός	1
λάσπης	1
στεγνό	1
ταδέρφι	1
βουνίσια	1
καψάλων	1
βουβά	1
βεβαιώση	1
αμελέτητο	1
ενάντιο	1
νάβγη	1
τανάντια	1
εύχεται	1
τρυγάη	1
χάρηκα	1
τόλεγα	1
θαξιωνόμουν	1
τάγια	1
σκεπάσουν	1
πύθιε	1
σαϊτεύης	1
σκάμαντρο	1
πολεμούσες	1
σκεπός	1
νάσαι	1
προσκυνώ	1
προστάτη	1
τιμήν	1
κηρύκων	1
καλοδεχτήτε	1
γλυτώσαν	1
πολυσέβαστοι	1
θρόνοι	1
προσήλιοι	1
δεχτήτε	1
σκοτεινιά	1
δίκελλα	1
δικαιοκρίτη	1
γκρέμνισε	1
ρήξαμε	1
ρείπια	1
σπόρος	1
τράχηλο	1
ευτυχισμένος	1
ζουν	1
πάρις	1
πούνε	1
κάμωμά	1
παραπάνω	1
κλέφτης	1
συθέμελα	1
έσβησε	1
πλέρωσαν	1
αχαϊκού	1
χαίρω	1
αποθάνω	1
πλημμυρούν	1
γλυκειάν	1
δος	1
νοιώσω	1
έδερνε	1
εποθούσαμε	1
ποθούσε	1
στενάζαμε	1
φυλλοκάρδια	1
πόθε	1
σιωπή	1
βρήκα	1
λείποντας	1
εφοβόσουν	1
χρόνου	1
χαρή	1
κακοπέρασες	1
τανάριο	1
ξεμπαρκάρισμα	1
κακοστρώσια	1
μέρ	1
αστέναχτη	1
λάχουν	1
τόχαμε	1
στρώση	1
λειβάδια	1
περεχούσε	1
ολόμουσγα	1
πουλιώ	1
κατέβαζε	1
χιονιά	1
ζέστη	1
πόντος	1
κοιμόνταν	1
κοίτες	1
τόχουνε	1
ναναστηθούνε	1
λογαριάζουμε	1
στέλλω	1
μείναμεν	1
πλήθιο	1
αντισηκώνει	1
καυχηθούμε	1
στεριές	1
θάλασσες	1
στόλος	1
ελληνικούς	1
κρέμασε	1
λαμπρά	1
παινεύη	1
στρατηγούς	1
τάφερε	1
νίκησαν	1
ταρνιούμαι	1
νιος	1
ταρχοντικό	1
γνοιάζουν	1
συνάμα	1
ευφραίνουν	1
ερέκαξα	1
μήνυμα	1
πάρσιμο	1
επερίπαιξε	1
πίστεψες	1
επάρθη	1
νους	1
τρέχη	1
μέχανε	1
εθυσίαζα	1
υπάκουοι	1
αλλαλαγμοί	1
αντηχούσαν	1
φάουσες	1
κοίμιζαν	1
μυριστές	1
βιαστώ	1
καλύτερά	1
σεβαστού	1
γλυκύτερο	1
ναρθή	1
γρηγορώτερο	1
φύλαγε	1
σφραγίδα	1
γνώρισα	1
άνδρα	1
χαλκό	1
βάφουν	1
καύχηση	1
αταίριαστη	1
ευγενικής	1
ξάστερος	1
εξηγητής	1
έμορφο	1
χαίρουνται	1
νάν	1
άφαντος	1
χώρισε	1
πέτυχες	1
ιστόρησες	1
ακούστηκε	1
ήλιο	1
χειμωνιά	1
βεβηλώσω	1
αδήγητα	1
ηύραν	1
στυγνή	1
ξέκαμε	1
μάστιγα	1
δίκοπη	1
διπλού	1
φορτωμένος	1
ψάλλη	1
άγγελος	1
θρίαμβό	1
σμίξω	1
ιστορίσω	1
τρικυμία	1
άσπονδοι	1
φιλιώθηκαν	1
έδωκαν	1
φθείρουνε	1
εσηκώθη	1
άμπωθε	1
στάλλο	1
άγριος	1
θρακιάς	1
αντάμα	1
μάνητα	1
μπόρας	1
ζάλη	1
ανεμόδαρτης	1
βροχής	1
άφαντα	1
νάταν	1
προγγίξη	1
έδωκε	1
ξημέρωσε	1
ήλιος	1
ανθή	1
πέλαγος	1
αιγαίον	1
συντρίμια	1
άβλαβο	1
μαστοριά	1
ξεγλύτωσε	1
τιμόνι	1
σωτήρας	1
εκάθησε	1
πιλότος	1
λύση	1
αρμούς	1
τάγριο	1
ξερόβραχα	1
πιστεύουμε	1
χρυσή	1
βόσκαμε	1
έγνοιες	1
καινούριες	1
πανεμοσκόρπισε	1
πνέη	1
λογιάζουν	1
χαμένους	1
λέμε	1
καρτέρει	1
ξέρη	1
αχτίνα	1
σβύση	1
γυρίση	1
τόδινε	1
ταιριαστό	1
πεπρωμένο	1
ωδήγα	1
γυρεμένη	1
παστάδα	1
πολυξομπλιασμένη	1
πνοές	1
γίγαντος	1
ζεφύρου	1
αναρίθμητοι	1
σιδεροφορεμένοι	1
ίχνη	1
τάφαντα	1
αράξανε	1
σιμόεντα	1
χλωρές	1
βλαστομανούνε	1
πολέμων	1
συμπεθεριό	1
πράμμα	1
ξοφλήσουν	1
τραπεζιού	1
φιλόξενου	1
έψαλλαν	1
νυφιάτικο	1
υμεναίου	1
τόφερνε	1
γαμπροί	1
ξέμαθε	1
βαρυαστενάζει	1
καλόντας	1
κακόγαμπρο	1
τάδικο	1
έθρεψε	1
γαλαθηνό	1
αποκομμένο	1
πρώτων	1
ημερώ	1
ήμερο	1
πασίχαρο	1
γεροντοτέρων	1
χάδι	1
αγκαλιά	1
τόπερνε	1
νεογέννητο	1
παιδάκι	1
χαρωπά	1
χαϊδεύονταν	1
χόρταινε	1
χρόνισε	1
τόδειξε	1
ποιους	1
σπολλάτη	1
τροφής	1
γιόμα	1
πόπνιξε	1
πλημμύρισε	1
σπιτικούς	1
αγιάτρευτο	1
θρέψη	1
επίτηδες	1
ιερέα	1
αρχές	1
νάρθε	1
ανάνεμης	1
γαλήνης	1
ατίμητο	1
αρχοντιάς	1
στολίδι	1
μαλακό	1
ματιών	1
σαΐτεμα	1
καρδιών	1
λίγωμα	1
έρωτος	1
άλλαξεν	1
κακοσύβαστη	1
σηκώθηκε	1
σταλμένη	1
νυμφόκλαυτη	1
παμπάλαιος	1
τανθρώπου	1
περσέψη	1
πεθαίνει	1
άκλερη	1
βλασταίνει	1
σκέπτομαι	1
γονιού	1
γεννοβολάη	1
άδικους	1
ημέρα	1
γραφτή	1
απολέμητη	1
ανίκητη	1
απαράλλακτη	1
λάμπει	1
φτωχά	1
δικαίου	1
χρυσοστόλιστα	1
αδικίες	1
ψηφά	1
ψευτοφημισμένη	1
τιμήσω	1
επαίνων	1
προτιμούν	1
αψηφούν	1
στενάζη	1
ραγίζει	1
χαίρει	1
αγέλαστο	1
πρόσωπο	1
καλόκαρδη	1
χαϊδεύει	1
χλιαρή	1
ξεκινούσες	1
κρύβω	1
ανόητο	1
κυβερνούσες	1
επήαινες	1
γραμμένους	1
ανωφέλευτο	1
βγήκαν	1
αναγαλλιάζει	1
θαργήσης	1
ρωτόντας	1
φύλαξε	1
χαιρετήσω	1
εγχώριους	1
γυρισμού	1
εκδίκησης	1
ρίξανε	1
κάλπη	1
ψήφο	1
αμέραστο	1
τέλειο	1
ξολοθρεμό	1
σίμωνε	1
χεριού	1
γνωρίζεται	1
ζούνε	1
μπόρες	1
δυσκολόσβυστη	1
παχιές	1
σκορπίζει	1
μυρωδιές	1
αξέχαστη	1
νάχουμε	1
θεόργητά	1
στήσαμε	1
ξολόθρεψε	1
ταργείτικο	1
θεριό	1
ασπιδοφόρος	1
αλόγου	1
πηδόντας	1
πούλια	1
τωμό	1
βασιλικόν	1
εχόρτασε	1
γλείφοντας	1
μνήμη	1
κρατώ	1
μούπες	1
λίγοι	1
φθονούνε	1
κατασταλάζει	1
ζούλιας	1
διπλαίνει	1
άρρωστου	1
δυστυχίας	1
γείτονα	1
σκάζει	1
πόδειχναν	1
καθρέφτη	1
σκιάς	1
οδυσσέας	1
άθελά	1
ζεύχτηκε	1
σύντροφός	1
σύνοδο	1
κάνοντάς	1
σκεφθούμε	1
ιδούμε	1
καλομείνη	1
φάρμακα	1
καίοντας	1
κόβοντας	1
στοχαστικά	1
δοκιμάσομε	1
μπορή	1
παλατιών	1
τιμημένη	1
προσκυνήσω	1
καταβόδωσαν	1
έφεραν	1
στεριώση	1
τιμημένοι	1
γερόντοι	1
αισθάνομαι	1
συστολή	1
τάχω	1
έρμη	1
φριχτό	1
συφοριασμένα	1
μπαίνη	1
χειρότερη	1
καθημερνά	1
θάταν	1
τρύπιος	1
τόπανε	1
δεύτερος	1
τρισώματος	1
γηρυόνης	1
τρίδιπλο	1
ντύμα	1
καυχιόνταν	1
σχήμα	1
φήμες	1
κρεμάθρες	1
λαιμό	1
λύσανε	1
σφιγμένες	1
ενέχυρον	1
πίστης	1
απορήσης	1
τρέφει	1
φωκίδα	1
στρύφιος	1
προλέγοντάς	1
ενδεχόμενα	1
κίντυνο	1
ποδοπατούν	1
πρόφαση	1
άφθονες	1
δάκρυών	1
στειρέψη	1
σταλαματιά	1
ταργοκοίμητα	1
βλάβηκαν	1
παραμελημένες	1
φωταψίες	1
πρόσμενα	1
ονειρατά	1
τανάλαφρο	1
κουνουπιού	1
εξυπνούσα	1
φτεροσουσούρισμα	1
ώρες	1
πέρασα	1
σκύλλο	1
στάνης	1
άγκυρα	1
ψηλής	1
στέγης	1
στερεό	1
στύλο	1
μονάκριβο	1
θαλασσομάχος	1
λαμπρότατη	1
κακωσύνη	1
τρεχάμενο	1
δρομομαχισμένο	1
χαιρετισμών	1
φτάνουνε	1
περασμένα	1
τράβηξα	1
αγαπητό	1
ναγγίξης	1
στέκεσθε	1
προστάξη	1
στρώσετε	1
χαλιά	1
πορφυρόστρωτος	1
δρόμος	1
στανέλπιστα	1
άγρυπνη	1
πεπρωμένα	1
λήδας	1
κυβερνήτρα	1
απουσίας	1
μάκρος	1
μάκρυνες	1
νάρχεται	1
δίκιου	1
καμώματα	1
χαλάσης	1
βάρβαρο	1
ταπεινοπροσκυνάς	1
χαμόσυρτα	1
στρώσης	1
τέτια	1
πολυξόμπλιαστα	1
τιμούνε	1
στρωσίματα	1
ξόμπλια	1
διαλαλεί	1
μετρημένη	1
μακαρίζης	1
τέλη	1
ευτυχισμένα	1
φέρνομαι	1
θάχω	1
ναλάξω	1
τάμμα	1
κάπιο	1
πρίαμος	1
ενικούσε	1
πατούσε	1
ντηρηθής	1
κόσμος	1
βαραίνει	1
φθονούν	1
αμάχες	1
νικούνε	1
επιμένεις	1
λύσουν	1
αρβύλες	1
σκλάβους	1
πορπατάει	1
φθόνου	1
ρημάζης	1
ασημοζυγιασμένα	1
δέξου	1
καλοβλέπουν	1
διαλεχτόν	1
έφερα	1
πατόντας	1
εμπώ	1
ασημοζύγιαστη	1
πορφύρα	1
βάφης	1
ρήγα	1
έφερναν	1
χρησμό	1
θάταζα	1
πατιόνταν	1
νάθε	1
ταξιωθώ	1
κλωνιά	1
φουντώνουν	1
απλώνουν	1
ήσκιο	1
κάμμα	1
γυρισμός	1
σταρχοντικό	1
γυαλίση	1
αγουρίδα	1
κρασάτη	1
ρόγα	1
τέλειε	1
δίνε	1
λαφροΐκιωτή	1
πηδά	1
αλέρωτος	1
ψέλνει	1
προφητείες	1
ξορκίσω	1
επέρας	1
σέρνοντας	1
αφήσανε	1
αμουδένια	1
ακρογιαλιά	1
λύρα	1
αυτοδίδακτη	1
αλάκερο	1
ελπίδας	1
σπαρνούν	1
στρέφει	1
ταραγμούς	1
δίκιους	1
ψεύτικοι	1
βγουν	1
φόβοι	1
παναμένω	1
γενούν	1
άκρα	1
υγεία	1
γειτόνισσα	1
τοίχου	1
συνορεύει	1
θνητού	1
πλέει	1
πρίμα	1
χτύπησε	1
βράχια	1
κερδισμένα	1
ντηρηθή	1
πρεπούμενο	1
πήε	1
παραφόρτωμα	1
εβούλιαξε	1
σκάφος	1
τάφθονα	1
τουρανού	1
καλόχρονης	1
διώξαν	1
σκοτωμένου	1
ξαναζωντανεύη	1
τούδωσε	1
ωρισμένη	1
μπόδιζε	1
ξεπερνούμε	1
σύνορα	1
προλάβαινε	1
κρυφανταριάζει	1
πονεμένη	1
ξεσκεπάση	1
φλογισμένα	1
έμπαινε	1
σούδωκε	1
ανόργητα	1
παραστέκης	1
ταμάξι	1
περηφάνεια	1
αλκμήνης	1
δοκιμάση	1
αρχαιόπλουτο	1
κύριο	1
θερίσουν	1
σκληροί	1
σούπε	1
κοφτά	1
στρογγυλά	1
χελιδόνι	1
βαρβαρικιά	1
φρόνιμά	1
νοιώθοντας	1
θακούση	1
θέσι	1
ακλούθει	1
πλια	1
θύρα	1
σφάξιμο	1
αρνιά	1
προσμένουν	1
έλπιζαν	1
νοιώθης	1
μίλησε	1
δραγομάνο	1
τρόπος	1
νεοσκλάβωτο	1
αγρίμι	1
τρελλή	1
πάρθηκ	1
χαλινάρι	1
συνειθίση	1
ξαφρίση	1
θυμούς	1
αίματός	1
συμπονώ	1
θυμώσω	1
κατέβα	1
άφις	1
λοξία	1
βλάστημο	1
παραστέκη	1
απώλειά	1
προφητέψη	1
χάρισμα	1
απώλεια	1
ωδήγησες	1
ψέμα	1
θεομίσητο	1
σκοτωμούς	1
ανθρωπομακελλειό	1
αιματορραντισμένο	1
μύτη	1
ψάχει	1
νάβρη	1
οσμίζεται	1
ψητά	1
φαγωμένα	1
μαντική	1
είχαμε	1
μαντεύματα	1
κηρύττει	1
πλευρό	1
ευφραίνεις	1
απλώνει	1
αινίγματά	1
σκοτεινούς	1
τρομάζω	1
έ	1
ίδη	1
φόνισσά	1
γένους	1
φριχτού	1
φονικού	1
προσκαλείς	1
υψώση	1
ευφραίνει	1
ανέβηκε	1
σταλιά	1
θανάσιμη	1
βίου	1
κράτα	1
αγελάδα	1
πιάνει	1
βαράει	1
μαύρου	1
λουτρού	1
καυχηθώ	1
μάντηδων	1
περισσές	1
άμοιρης	1
βάζω	1
ηύρες	1
φέρης	1
πάρεξ	1
φρενοπαρμένη	1
θεοπείραχτη	1
ψάλλης	1
θρήνον	1
ξανθιά	1
αβάρετη	1
αηδόνα	1
κλαίοντας	1
κλαίει	1
ίτυν	1
ίτυ	1
πικραμένη	1
λιγερής	1
αηδόνας	1
ντύσανε	1
φτερωτό	1
σφαγή	1
πούθ	1
έρχονται	1
σταλμένοι	1
τρόμοι	1
σκούξιμο	1
κακόσυρτο	1
θρηνείς	1
προφητικούς	1
ψάλλεις	1
πούθε	1
μέτρα	1
μαντικής	1
πάριδος	1
σκαμάντρου	1
έθρεφες	1
τράνευες	1
κωκυτό	1
οχθιές	1
προφητέψω	1
φανερός	1
πλήγωσε	1
δάγκαμα	1
φιδιού	1
μοιρολογάς	1
σπαράζεις	1
κόποι	1
επήε	1
αρίθμητα	1
ωφέλησαν	1
έπαθεν	1
θερμόν	1
σκορπώ	1
μούψαλες	1
δαίμονας	1
θρηνής	1
θανατικά	1
βλέπη	1
νιόπαντρη	1
ανατολές	1
αινίγματα	1
νάσαστε	1
ακλουθόντας	1
οσμίζομαι	1
απολείπει	1
κακόφωνη	1
αρμονία	1
πιή	1
ανθρώπινο	1
αποδιαντράπη	1
ολότελα	1
τόστρωσε	1
κώμος	1
θρονιασμένες	1
καταριούνται	1
ατίμασε	1
όλεθρό	1
αστόχησα	1
ηύρα	1
ψευτομάντισσα	1
φλύαρη	1
δερνοθύρα	1
αρνήσου	1
μπορής	1
ορκίσου	1
πρώτες	1
αμαρτίες	1
στέρεος	1
θεράπεια	1
νάφερνε	1
περατινή	1
αλλόγλωσση	1
νάσουν	1
τάβλεπες	1
ξεδιαλύνεις	1
δέχτηκα	1
φοίβο	1
λάβωσε	1
τόχα	1
ομολογούσα	1
παίρεται	1
ευτυχιά	1
γάμου	1
επλάγιασες	1
γέλασα	1
προφήτευα	1
επιστεύαν	1
φριχτός	1
ορθομαντείας	1
απαίσιο	1
προανάκρουσμα	1
αναταράζει	1
θρονιασμένους	1
μορφές	1
ονείρων	1
τάχουνε	1
σαρκών	1
άντερα	1
γιόμισμα	1
γεύτηκε	1
εκδίκησί	1
μελετά	1
λιόντας	1
στρέφεται	1
κρεβάτια	1
φυλάει	1
στρέψη	1
σκλάβα	1
στόλαρχος	1
γλώσσας	1
χάδια	1
πρόσχαρα	1
μαγερεύει	1
κρυμμένη	1
τολμά	1
αμφίσβαινα	1
βράχους	1
ναυτών	1
φωλιάζει	1
αλλόφρενη	1
ασύβαστη	1
ερέκαξε	1
κατατροπώση	1
πίστεψέ	1
σωστή	1
κλάψης	1
τόνοιωσα	1
ανατρίχιασα	1
πάκουσα	1
βγήκα	1
φράξε	1
μελετούν	1
πήγανε	1
βρόντο	1
επίβουλος	1
πυθία	1
σκότος	1
αδράχνει	1
οτοτοτοί	1
λιόντισσα	1
κοιμάται	1
λύκο	1
αρχοντικό	1
ετοιμάζη	1
φάρμακο	1
ακονίζει	1
εγκωμιάζη	1
εκδικιέται	1
εμπαίζουν	1
στεφάνια	1
χαλάσω	1
ακλουθώ	1
στολίσετε	1
μαντικό	1
φόρεμα	1
στολή	1
περιγέλοια	1
κάνανε	1
υπόφερα	1
ζητιάνα	1
γυρολόγα	1
στρίγγλα	1
λιμασμένη	1
μάντισσα	1
θανάσιμες	1
πατρικός	1
βωμός	1
ζεστό	1
κρεατοσάνιδο	1
κόψουν	1
ακδίκητο	1
θαφήσουν	1
διωγμένος	1
πλανημένος	1
απόξενος	1
κορώνα	1
εστέριωσε	1
ξαπλωμένου	1
ανάγερμα	1
πονετικά	1
έπαθε	1
ξεμπερδεύουν	1
χαιρετάω	1
λάβω	1
ασφάδαστη	1
ευκολοθάνατη	1
ξεψυχήσω	1
σοφή	1
στέκεις	1
κερδήσουμε	1
κερδίσω	1
ευτυχισμένους	1
τάξια	1
αιματοστάλαχτο	1
τοίχοι	1
μυρίζουν	1
αχνός	1
τάφους	1
συρίας	1
μύρα	1
ζήση	1
σκούζω	1
μάταιο	1
θάμνο	1
κακότυχο	1
προφητεύεις	1
εδικό	1
εκδικάτορες	1
θυμηθούν	1
φονιάδες	1
εύκολο	1
κατόρθωμα	1
φόνου	1
σκλάβας	1
πλην	1
σφουγγάρι	1
υγρό	1
δίνει	1
κείνα	1
ελεούμαι	1
χορτάσουν	1
ανθρώποι	1
βαρέθηκε	1
πόρτα	1
κράζοντάς	1
μπαίνης	1
θανάτων	1
ξεπλύνη	1
εγεννήθη	1
βαθιά	1
σώπα	1
χτυπημένος	1
γερά	1
τέλειωσε	1
λογιάζω	1
έλ	1
δούμε	1
έχουμε	1
κράξομε	1
β	1
μπούμε	1
πιάσομε	1
χάσιμο	1
δ	1
φώς	1
σημείο	1
ετοιμάζουν	1
τυραννίδα	1
άργητας	1
πατούνε	1
ξύπνιο	1
σκεφθή	1
ζ	1
αναστήσω	1
ζούμε	1
θάχουμε	1
άτιμους	1
ορίζουν	1
υποφερτό	1
κάλλιο	1
γλυκύτερη	1
βογγητά	1
κρίνουμε	1
σκοτωμένος	1
ια	1
βεβαιωθούμε	1
βάζης	1
ιβ	1
κλίνω	1
μάθουμε	1
ατρείδης	1
ειπωμένα	1
όλεθρο	1
περιφράξη	1
στέρεα	1
ύψος	1
αδύνατο	1
πηδήση	1
ανέτοιμη	1
έχθρας	1
παλιάς	1
στέκω	1
χτύπησα	1
διαφεντευθή	1
ψαριών	1
τυλίζω	1
πλουσιοπάροχη	1
φορεσιά	1
τονέ	1
βόγγους	1
παράλυτο	1
σωριασμένος	1
αποπάνω	1
ταμμένη	1
σωτήρα	1
ξερνάει	1
ψιλή	1
σφήνα	1
ξεπετόντας	1
στάλες	1
φονικής	1
δροσιάς	1
ραίνει	1
εύφρανε	1
βροχούλα	1
σπαρτά	1
πλούμισμά	1
πρόκριτοι	1
σεβαστοί	1
βολή	1
χαρήτε	1
καύχημα	1
πρέπον	1
νεκρούς	1
παραδίκαια	1
ποτήρι	1
γιόμισε	1
τόπιε	1
θαυμάζομε	1
αχρεία	1
καυχιέσαι	1
άμυαλη	1
δοκιμάζετε	1
ατρόμητη	1
επαινής	1
ψέγης	1
γεύτηκες	1
βοτάνι	1
θραμμένο	1
βγαλμένο	1
δίκασες	1
έκοψες	1
εξόριστη	1
βδέλυγμα	1
εξορία	1
μίσος	1
φταίξιμο	1
βρήκες	1
σφαχτό	1
λογιάζοντάς	1
καρπερές	1
φτουρούν	1
στάνες	1
γλυκό	1
καϋμό	1
γητέψη	1
βοριά	1
θράκης	1
τούπρεπε	1
διώχτης	1
σκληρά	1
φοβέριζε	1
έτοιμη	1
βάλης	1
σοφίσματά	1
άρρητα	1
κλώθεις	1
τάραξε	1
θαρρείς	1
βούλλα	1
κόκκινη	1
καταφρονεμένη	1
πλερώσης	1
ομόνω	1
πόσφαξα	1
πρόσφερα	1
ετούτον	1
σκιά	1
φόβου	1
θάμπη	1
γωνιάς	1
θανάβη	1
θάρρους	1
ατιμαστής	1
χρυσηίδων	1
κάτου	1
αιχμάλωτη	1
μαγίστρα	1
χρησμολόγα	1
παρακοιμάμενή	1
πότριβαν	1
άξιζαν	1
κύκνος	1
κείται	1
αγαπητού	1
προσφάγι	1
γλιχουδιάρικο	1
κοιμηθιού	1
κρεβάτωμα	1
νάρχουνταν	1
τρισκαλώτατός	1
εθυσίασες	1
πολυθύμητον	1
ανθολόγησεν	1
άπλυτον	1
θάτανε	1
βαρυσύντυχη	1
βαργομάς	1
ζητάς	1
γυρνάς	1
δαναών	1
κλείνει	1
διπλούς	1
τανταλίδες	1
πέφτεις	1
ισόψυχες	1
σπαράζει	1
κόρακας	1
εστάθη	1
τώπες	1
ρίχτεις	1
τετράπαχο	1
διψά	1
εγκωμιάζεις	1
εγκώμιο	1
νεκρού	1
δριμύς	1
απάνθρωπου	1
δείπνου	1
θυσιάζει	1
καθαρή	1
βρεθή	1
μαρτυρήση	1
νάδωσε	1
αρχαίος	1
ανοίχει	1
συγγενικό	1
έχθρα	1
προχωρέση	1
έμπασε	1
πολύκλαυτη	1
ξεπλήρωσε	1
έπραξε	1
στέκομαι	1
ίσους	1
στραφώ	1
ψιχάλα	1
αιματοβροχής	1
θεμέλια	1
σείει	1
ακόνια	1
τακονίζει	1
έβλεπ	1
ξαπλωτό	1
ασημότοιχο	1
προσφέρης	1
αχάριστη	1
ασύγκριτον	1
επιτύμβιος	1
χυμένα	1
υμνήση	1
γνοιάζες	1
θάψομε	1
πόση	1
θυγατέρα	1
ποταμό	1
καϋμών	1
αγκαλιάζοντας	1
φιλήση	1
φονιάς	1
πλερώνει	1
βρίσκεις	1
κόλλησε	1
πλεισθενιδών	1
δένοντάς	1
ξόρκια	1
αβάσταγα	1
απέδω	1
θανάτους	1
τρίβη	1
μικρό	1
έφτανε	1
θησαυρούς	1
ταλληλοσκοτωμού	1
ημπόρειου	1
σβύσω	1
φαιδρόν	1
ημέρας	1
απλέρωτα	1
γνοιάζονται	1
κακουργήματα	1
πλεχτά	1
κοίτεται	1
πλερώνη	1
ατρέας	1
καταλάβης	1
θρόνου	1
εξώρισε	1
εξαναγύρισε	1
ικέτης	1
γλύτωσε	1
θυέστης	1
σφαχτή	1
αιματοβρέξη	1
άθεος	1
πλούσιο	1
τραπέζι	1
γιορτάση	1
ετοίμασε	1
χτένια	1
χεριώ	1
παράμερα	1
καταλάβουν	1
καθόταν	1
ανίδεος	1
τρώει	1
κείνο	1
τάσωστ	1
θωρείς	1
τόνοιωσε	1
άθεο	1
έσκουζε	1
ξερνόντας	1
ευχιέται	1
μοίρ	1
πελοπίδες	1
δίνοντας	1
κλωτσιά	1
δείπνος	1
κλεισθένη	1
πούπεσε	1
υφάνω	1
αθλίου	1
έδιωξε	1
βρέφος	1
σπάργανα	1
ετράνεψα	1
οπίσω	1
σχέδιο	1
κακής	1
ύφανα	1
γλυκύς	1
βρίζης	1
αίγισθε	1
μελέτησες	1
κάρα	1
βρίσκεσαι	1
θέση	1
απάνωθέ	1
κυβερνούνε	1
γεράματα	1
βάζουνε	1
γέρου	1
αλυσίδες	1
βάσανα	1
νηστείας	1
άφευκτα	1
γιατροσόφια	1
γέρο	1
συνετίσουν	1
πηδάς	1
παλούκια	1
πάθης	1
εγυρνούσαν	1
ατίμαζες	1
γενναίου	1
στρατηγού	1
οδυρμών	1
ορφέα	1
γήτευε	1
γαυγίζοντας	1
ήμερα	1
ερεθίζεις	1
μαλακώσης	1
δολώση	1
ύποπτος	1
στεριώσω	1
δύσκολο	1
φορτώσω	1
ελεύτερο	1
θραφτό	1
σκοτεινιάς	1
συντρόφι	1
νήστεια	1
μαλακωμένο	1
μονάχος	1
εσκότωνες	1
όλης	1
κάθαρμα	1
μπρός	1
σύντροφοι	1
δουλειάς	1
ψηφώ	1
φίλτατέ	1
θελήσωμε	1
πανάθλιας	1
σωσμό	1
γαίμ	1
κάμαμε	1
αρκετό	1
θάθελ	1
μέναν	1
χτυπής	1
χαρούν	1
κακοκεφαλιά	1
ορίζω	1
κοτούν	1
αχρείο	1
προσκυνούν	1
βάλω	1
γνώσι	1
ορέστη	1
βόσκουνται	1
εξόριστοι	1
χόρτασε	1
μόλυνε	1
πληρώσης	1
κακογνωμιά	1
κόκορα	1
κορδώνου	1
κόττα	1
μπόσικά	1
γαυγητά	1
βολέψομε	1
σίγουρου	1
ορέστια	1
σύζυγο	1
εραστή	1
αίγισθο	1
προφήτιδος	1
οδύρεται	1
αιχμαλωσία	1
ανήκει	1
τραγικώτερες	1
μετάφραση	1
στίχους	1
τίτλος	1
συγγραφέας	1
αισχύλος	1
ιωάννης	1
γρυπάρης	1
εκδόσεις	1
χρίστος	1
αλεξανδρίδης	1
παρούσα	1
διατηρηθήκαν	1
γενικές	1
γραμμές	1
πρωτοτύπου	1
επεμβάσεις	1
έγιναν	1
απαιτούσαν	1
τυπογραφικών	1
λαθών	1
σαφήνεια	1
υποθεσις	1
δικαίως	1
βατράχους	1
μεστόν	1
δράματα	1
απολεσθέντα	1
οιδίπους	1
ικέτιδας	1
πέρσας	1
λυρικόν	1
επικόν	1
μακρά	1
λυρικά	1
άσματα	1
κομμοί	1
μακρόταται	1
επικαί	1
περιγραφαί	1
στρατηγών	1
πολιορκούντων	1
κρίνεται	1
παλαιοτέρας	1
τραγωδίας	1
τραγικόν	1
αλληλοκτονία	1
μονομαχία	1
πολιορκουμένης	1
υιών	1
εκληρούται	1
ενσαρκώνει	1
τραγικής	1
οικογενείας	1
διπλούν	1
νεκρά	1
σώματα	1
αποτελούμενος	1
θηβαίας	1
παρθένους	1
λυρικώτατον	1
οναμάζουν	1
επακολουθεί	1
παθητικώτατος	1
τελειώνη	1
έπεται	1
απαγορεύει	1
πατρίδος	1
αποφάσεως	1
εξεγείρεται	1
διαμαρτύρεται	1
φιλαδελφεία	1
συντάσσεται	1
έτερο	1
ημιχόριον	1
συμμεριζόμενον	1
απόφασιν	1
συνοδεύει	1
νεκρόν	1
μεταφέρεται	1
μεγαλοπρεπή	1
περιέχουσα	1
σπέρματι	1
σοφοκλέους	1
κριτικών	1
υποπτεύωσιν	1
οφείλεται	1
μεταγενεστέραν	1
διασκευήν	1
επτα	1
επι	1
θηβας	1
κατασκοπος	1
παρθενων	1
καδμείοι	1
δοιάκι	1
κλή	1
μετρά	1
έρθουν	1
βολικά	1
γένοιτο	1
ετεοκλής	1
μυριόστομα	1
διαφεντευτής	1
καδμεία	1
ακμή	1
οπού	1
αξαίνοντας	1
κορμιού	1
βοηθάη	1
χάσουν	1
τέκνα	1
θροφό	1
μικρούς	1
καλόγνωμό	1
σερνόσαστε	1
αναδέχτη	1
ανατροφής	1
τράνεψε	1
κατοίκους	1
ασπιδοφόρους	1
γίνετε	1
τέτοιοι	1
πιστοί	1
ζωσμένα	1
κλίνει	1
πουλολόγος	1
χρησμών	1
δεσπότης	1
έφοδο	1
φοβερώτατη	1
πολεμίστρες	1
αρματοζωσμένοι	1
πορτιά	1
ριχτήτε	1
πεταχτήτε	1
γεμίστε	1
ταμπούρια	1
σκεπές	1
έβγα	1
μένοντας	1
σπιούνους	1
κατασκόπους	1
έστειλα	1
αργοπορήσουν	1
πιαστώ	1
έφθασα	1
δοξασμένε	1
ξεδιαλυμένα	1
φέρνοντάς	1
καπετανέοι	1
μαυροσίδερην	1
σφαχτάρι	1
γγίζοντας	1
ενυώ	1
αγαπούν	1
γόνους	1
όρκους	1
κατασκάψουν	1
αφανίσουν	1
βρέξουν	1
άρμα	1
άδραστου	1
κρεμούσανε	1
θυμητικά	1
είχανε	1
ατσαλένια	1
πόβραζε	1
λιονταριών	1
φυσούσε	1
αργούν	1
αποδείξουν	1
διαλέγοντας	1
πρώτους	1
τάξε	1
πυλών	1
πάνοπλος	1
κοντοζυγώνει	1
επλάκωσε	1
άσπρος	1
αφρός	1
σταλάζοντας	1
φυσομάνημα	1
τιμονιέρης	1
κάστρο	1
στεριώσης	1
μανίση	1
στεριανό	1
βρουχιέται	1
άδραξε	1
ημεροσκόπου	1
πιστό	1
μαθαίνοντας	1
άβλαβος	1
συγκορμόκλαδ	1
ξεβγάλετε	1
κουρσεμένη	1
μιλεί	1
εστίες	1
ελεύτερη	1
ζυγός	1
σφίξη	1
απαντοχή	1
διάφορο	1
γατί	1
ευτυχισμένη	1
μύρομαι	1
μολύθηκε	1
στρατόπεδό	1
καβαλλαριά	1
μεσουρανίς	1
κουρνιαχτός	1
μιλιά	1
αληθινός	1
κάμποι	1
ιδές	1
οπλές	1
στέλνουνε	1
πετάει	1
βρουχητό	1
ακράτηγο	1
γκρεμό	1
πλάκωσε	1
μακρύνετ	1
βουητό	1
ορμά	1
καλοέτοιμος	1
λευκά	1
τραβώντας	1
αθάνατοι	1
λαμπρούς	1
αγάλματά	1
αγκαλιάζομε	1
στεκόμαστε	1
πολυαναστενάζομε	1
ακούτ	1
ακούγετε	1
ντύσομε	1
λιτανευτά	1
στέφανα	1
βρόντημα	1
προδώσης	1
χρυς	1
αγάπαγες	1
στοίχους	1
ελάτ	1
ιδήτ	1
λιτανεία	1
περθένων	1
ζητούμε	1
γύρ	1
κυματολόφων	1
κοχλάζει	1
φύσημα	1
σηκωμένο	1
παντέλειε	1
βόηθα	1
διαγούμισμα	1
πολιτεία	1
περίζωσαν	1
αργίτες	1
πολεμικά	1
βροντούνε	1
σαγώνια	1
ατιών	1
δετά	1
θρηνολογούνε	1
γενναίοι	1
ξεχωριστοί	1
ξέλαμπρην	1
αρματωσιά	1
κληρωμένοι	1
παλλάδα	1
γίνε	1
ίππιος	1
καμάκι	1
ψαριώ	1
εχθρό	1
σώσε	1
φρόντισέ	1
συγγενική	1
αφροδίτη	1
κύπρη	1
σιμώνομε	1
ακούνε	1
λύκος	1
γενής	1
στεναγμών	1
ετοίμαζε	1
λητώς	1
γ΄	1
ημιχόρια	1
κύλισμα	1
γρικώ	1
ήρα	1
τρίζουν	1
βαρύφορτα	1
τροχών	1
αγαπημένη	1
κονταροχτύπημα	1
ξεφρένιας	1
αιθέρας	1
ακόμ	1
ακρόβολες	1
έπαλξες	1
πετούν	1
χαλκόδετα	1
τρανέ	1
πολέμους	1
αίσιον	1
μπροστά	1
εφτάπορτη	1
ξεμακρύνης	1
δ΄	1
όλος	1
παντοδύναμοι	1
τέλειοι	1
τέλειες	1
πυργοφύλακες	1
παραδώσετε	1
δαμασμένη	1
ξενόφωνο	1
παρθένες	1
δεόμεθα	1
υψωμένα	1
αγαπημένοι	1
απλώνοντας	1
σωτήρες	1
δείξετε	1
αγαπάτε	1
γνοιασθήτε	1
κοινά	1
γνοισθήτε	1
βοηθάτε	1
πρόθυμες	1
πλουσίων	1
τελετών	1
θυμάμενοί	1
εσάς	1
ρωτώ	1
τραβιέστε	1
πυργοζωσμένο	1
πεσμένες	1
πολιούχων	1
ξεφωνίζετε	1
χουγιάζετ	1
πράματα	1
εχθρεύονται	1
θελα	1
χα	1
σύντροφο	1
ευτυχεί	1
ανοικονόμητ	1
πάρει	1
σκορπάτε	1
λιγόψυχη	1
προκόβουν	1
χαλιόμαστε	1
συναπατοί	1
γυναίκ	1
παρακούση	1
θανατική	1
πετροβόλισμα	1
κουφό	1
φοβήθηκα	1
γρικώντας	1
έτριξαν	1
τροχοκίνητα	1
τρίξανε	1
δουλεμένα	1
χαλινάρια	1
τιμονεύουν	1
ναύτης	1
πρύμνη	1
τρέξη	1
πλώρα	1
δαμάσουν	1
πετροχάλαζα	1
έσυρε	1
απλώσουν	1
εύχεσθε	1
βαστάξη	1
παρατούν	1
απαρατήση	1
ζω	1
διαγουμίζεται	1
καίγουνται	1
ετούτοι	1
παρακαλείς	1
κοίτα	1
ανόητα	1
πειθαρχία	1
πετυχιάς	1
σωτήρος	1
απελπισμένο	1
σύγνεφα	1
κρέμουνται	1
αναστηλώνει	1
προσφέρουν	1
βράζει	1
σωπαίνεις	1
μένης	1
χρωστούμε	1
άπαρτη	1
στέργει	1
εμποδίζω	1
δειλούς	1
πολίτες	1
κάθου	1
ήσυχη	1
πρόσφατο	1
σύσμιχτο	1
πάταγο	1
ακούγοντας	1
δειλιασμένη	1
ακρόπολη	1
τίμιαν	1
έτρεξα	1
λαβωμούς	1
δέχεσθε	1
θρέφεται	1
φρουμανητά	1
γρικάω	1
γρικάς	1
απόγεια	1
σειέται	1
μπλοκάρουν	1
μπιστεύομαι	1
αξαίνει	1
σωπάσης	1
άγιοι	1
πάντες	1
προδώσετε	1
άει	1
πομονευτής	1
σκάσης	1
σκλαβώνεις	1
στρέψε	1
έδινες	1
διαγουμίζουν	1
μικροψυχιά	1
ζητούσα	1
ελαφρή	1
κανες	1
γρήγορο	1
καϋμένη	1
σώπασε	1
τρομάζης	1
σωπαίνω	1
εκείν	1
προτιμώ	1
τραβήξου	1
θεάρεστον	1
ολολυγμό	1
παιανίσης	1
συνήθεια	1
βγάζοντας	1
πεδιονόμους	1
αγοράς	1
επισκόπους	1
ισμηνό	1
ξεχνώ	1
σωθ	1
βρέχοντας	1
προβάτων	1
ταύρους	1
τάζω	1
αφιερώσω	1
στολίσω	1
αρματωσιές	1
κονταροκαρφωμένες	1
φωνητά	1
τρόμου	1
γλυτώνεις	1
εγ	1
βιαστικά	1
μηνύματα	1
γοργόσπαρτοι	1
νάψη	1
γνοιάζομ	1
ησυχάση	1
θρονιάση	1
όφιους	1
περιστέρι	1
πασίτρομο	1
άλουβα	1
ολοτρόγυρα	1
κακοσύντυχο	1
ορμούν	1
πλήθια	1
ολάκερα	1
ρίχτουνε	1
λιθάρια	1
λαό	1
γυροζωσμένο	1
σώστε	1
επουράνιοι	1
βρήτε	1
παραδώση	1
πλουτοφόρα	1
ποταμοί	1
πιοτό	1
καλόθροφο	1
περιζώσαν	1
ρίχτ	1
συμφορ	1
ανθρωποχαλάστρα	1
παίρνουνε	1
πλάτες	1
χαρίζετε	1
πικρές	1
λιτανείες	1
σπλαχνισθήτε	1
πανάρχαιη	1
κουρεσεμένη	1
ενού	1
αχαιού	1
θρύμμα	1
σκλαβωμένες	1
νιές	1
γριές	1
άλογα	1
ξεσκισμένα	1
αδειάζεται	1
σύσμιχτη	1
σκλάβων	1
χαλούνε	1
προβλέπω	1
κλάμα	1
βλέπης	1
κορασίδες	1
νιόκοπες	1
τίμια	1
αποστείφουνται	1
αγουρίδες	1
ωμοτρύγητες	1
μακάριοι	1
δούνε	1
παθαίνει	1
δαμάζεται	1
σφάζουν	1
καίνε	1
καπνός	1
δριμώνει	1
ευσέβεια	1
βεβηλώνει	1
ρούγες	1
μάντρες	1
ζώνουν	1
σφάζονται	1
σκούζοντας	1
σκοτώνουν	1
βρέχουν	1
αρπαγές	1
κούρσες	1
φορτωμένους	1
συναντούνε	1
φορτωμένοι	1
άδειος	1
αδειανού	1
κολλήγα	1
κεθένας	1
μεράσι	1
ίσια	1
χύμα	1
χάμου	1
καρποί	1
λύπη	1
σού	1
νοικοκυρές	1
πλήθι	1
ανάκατα	1
δώρ	1
αρπάζουν	1
αδιαφόρετα	1
σέρνουν	1
πρωτόπαθες	1
σκλάβες	1
περιμένουν	1
αφέντη	1
κρεβάτι	1
σκότεινη	1
ολόκλαυτα	1
κατάσκοπος	1
γαλιούμαι	1
καινούγιαν	1
είδηση	1
φίλες	1
αδράχτια	1
ποδαριώ	1
αγγέλου	1
ταίρια	1
έλαχε	1
κλήρο	1
τυδέας	1
προιτίδες	1
φρουμάζει	1
ισμηνού	1
αφήνει	1
δείχνουν	1
ξεφρενιασμένος	1
σουριχτά	1
μεσημερνά	1
χουγιάζει	1
δράκος	1
λούζει	1
σοφό	1
οικλείδη	1
κωλώνει	1
φωνάζοντας	1
κουνεί	1
δασιούς	1
λόφους	1
χάλκινα	1
ηχολογούνε	1
αστράφτει	1
άστρα	1
ολόγιομο	1
νυχτός	1
ξώφρενα	1
περήφαν	1
άρματά	1
ποταμού	1
ξεφωνίζει	1
άτι	1
λεχομανάει	1
γκεμιώ	1
ακούγει	1
κράξιμο	1
σάλπιγγας	1
ανατρανίζει	1
τάξης	1
ανοιχτούνε	1
προίτου	1
διαφεντέψη	1
είμ	1
τρομάξουν	1
δίνουνε	1
φούντες	1
δαγκάνουν	1
νύχτ	1
αστράφτοντας	1
ουρανού	1
αστέρια	1
σημασία	1
μαντέψη	1
αστακού	1
ευγενή	1
ντροπής	1
τιμάει	1
εχρεύεται	1
αισχρά	1
συνηθίζει	1
σπαρτιατών	1
άφης	1
ζωντανούς	1
ντόπιος	1
μελάνιππος	1
κύβους	1
συγγένειας	1
εχθρικό	1
αποκρούση	1
πετύχη	1
πρόμαχο	1
αιματοφόρους	1
σκοτωμένους	1
δώσουν	1
ηλέκτρες	1
καπανεύς	1
γίγας	1
έπαρση	1
τρομερές	1
αληθέψουν	1
μποδίση	1
αστραπές	1
κεραυνοβόλια	1
χει	1
γυμνό	1
λάμπ	1
δάδ	1
αρματωμένη	1
ψηφιά	1
κάψω	1
παραταχθή	1
άτρομος	1
γεννιέται	1
προδίνει	1
μάταιους	1
καπανέας	1
βρίζοντας	1
γυμνάζει	1
μπόσικη	1
στέλνει	1
ρθη	1
κεραυνού	1
μοιάζη	1
γλωσσάς	1
ταχθή	1
πολυφόντης	1
μπιστεμού	1
άρτεμης	1
προστάτισσας	1
κληρωμένο	1
αστροπελέκι	1
ποδίση	1
χυμίση	1
παρθενική	1
ξεπορτίση	1
ετέοκλου	1
τρίτου	1
κλήρος	1
πήδησε	1
χαλκού	1
νήτιδες	1
άτια	1
στροφογυρνά	1
φρουμάζουν	1
πέσουν	1
σουρίζουν	1
χυμοί	1
ρουθούνια	1
φυσομάνισμα	1
γιομίζουν	1
πλασμέν	1
άξιον	1
σκαλιά	1
νεβαίνει	1
σκάλας	1
πύργο	1
χαραμμένα	1
στείλε	1
σώζη	1
στείλω	1
στέλλετ	1
περφάνεια	1
μεγαρεύς	1
κρέοντος	1
σπέρμα	1
σπαρτών	1
τρομάξη	1
λυσσασμένο	1
χουγιατό	1
αλογήσιων	1
φρουμανισμάτων	1
κωλώση	1
στολίση	1
βγούν	1
πρόμαχοι	1
εστιών	1
βλαστημούν	1
καυχιούνται	1
δη	1
βλέμματα	1
ωργισμένα	1
τέταρτος	1
όγκας	1
ιππομέδοντα	1
κορμοστασιά	1
αλώνι	1
κύκλο	1
δείλιασα	1
αναγύρισε	1
γλυκού	1
νερού	1
σκάλιξε	1
στριφτό	1
αρμαθιές	1
στρωμένο	1
κοιλοτούμπανής	1
στεφάνι	1
ρέκαξ	1
λυσσάει	1
ορμήν	1
φυλαχθούμε	1
σκορπούν	1
στημένη	1
εχθρεύοντας	1
περηφάνειες	1
άγριον	1
όφιο	1
κλωσσόπουλα	1
διώξη	1
οίνοπου	1
αντρείος	1
υπέρβιος	1
διαλέχτηκε	1
ποθώντας	1
ξαγκρίση	1
ψεγάδι	1
βρης	1
ορθά	1
έσμιξ	1
ερμής	1
ρθούν	1
κρούξουν	1
ασπίδες	1
υπέρβιου	1
στητός	1
τινάζει	1
φλογερό	1
βέλος	1
φιλία	1
αντίπαλοι	1
πράξουν	1
ανώτερος	1
νικηθή	1
υπέρβιο	1
έμβλημά	1
γλυτώνη	1
πότυχε	1
όπλο	1
αντίμαχο	1
μισητή	1
πολύχρονους	1
συντρίψη	1
πέμπτο	1
τάχθηκε	1
βορεινή	1
πέμπτη	1
διογένους	1
αμφίονος	1
ομώνει	1
βουνήσιας	1
ωριόπλωρο	1
αντρόπαιδον	1
αρχάρης	1
ξεμυτάει	1
μάγουλό	1
χνούδι	1
σγουρή	1
δασειά	1
αδρύνει	1
ωμό	1
σύμφωνο	1
φρόνημά	1
γοργ	1
εμπροστά	1
εκουνούσε	1
χαλκόδετή	1
κυκλωτό	1
σώματός	1
πόλεώς	1
όνειδος	1
σαρκοφάγας	1
σφίγγας	1
καρφωτή	1
κρουστή	1
νύχια	1
θηβαίο	1
παζαρέψη	1
μακρυνού	1
αρκάς	1
παρθενοπαίος	1
θροφεία	1
είθε	1
επίχειρα	1
βρίσκαν	1
εκείνες	1
χαθούν	1
πανάθλια	1
ανόσιες	1
αρκάδα	1
δουλεύη	1
άκτορας	1
παμε	1
φράκτες	1
πλημμυρώντας	1
πληθύνη	1
περάς	1
μισητού	1
θεριού	1
πόχ	1
εχθρικιά	1
κύρη	1
τρώη	1
πυκνές	1
κρουξιές	1
περνάει	1
σωθικά	1
ορθές	1
σηκώνουνταί	1
φουσκωμένο	1
ασεβών	1
άμποτ΄εδώ	1
βρουν	1
έκτος	1
ξεχωριστή	1
αμφιάραος	1
ταγμένος	1
ομολωΐδες	1
σωρό	1
αντροφόνο	1
ταραξία	1
δάσκαλο	1
κλητήρα	1
υπουργό	1
αδράστου	1
συμβουλάτορα	1
νάστροφα	1
χωρίζοντας	1
κατοπινοί	1
ντόπιους	1
απορημάζης	1
στεγνώση	1
κυριευμένη	1
σύμμαχός	1
δοξάσω	1
κρυμμένος	1
κτυπηθούμε	1
άδοξο	1
κρατώντας	1
ολόχαλκή	1
ήσυχα	1
είχ	1
άριστος	1
βαθύ	1
καρπολογώντας	1
αυλάκι	1
μέσαθέ	1
πάνσοφες	1
βλασταίνουν	1
αντρείους	1
στέλνης	1
σέβεται	1
σμίγεις	1
ευσεβή	1
ασεβεστέρους	1
χειρότερο	1
συντροφιά	1
σοδειά	1
περιμένης	1
καρπολογιέται	1
μονάχ	1
αμαρτίας	1
χωράφια	1
μπη	1
ναύτες	1
παρανόμους	1
άξιους	1
αντίθεη	1
βουλιάζει	1
συντοπίτες	1
εχθροξένους	1
θυμούνται	1
πιάστηκε	1
αδίκους	1
οϊκλέους	1
αγαθός	1
μέγας	1
σμίγοντας	1
αυθαδοστόμους	1
ασεβείς	1
στρέψουν	1
συρθή	1
πούτε	1
ανάγκ	1
σκοτωθούνε	1
καρποφορήσουν	1
φοίβου	1
θυρωρό	1
εχθρόξενο	1
δυνατό	1
λασθένη	1
γοργοπόδαρη	1
οκνηρό	1
απόσκεπα	1
αρπάξη	1
σωπαίνει	1
πρεπά	1
αγαπά	1
κάμετ	1
πλάκωσαν	1
στρέψατε	1
κεραυνούς	1
κάψη	1
έβδομος	1
έβδομη	1
βρούνε	1
κηρυχθή	1
νίκης	1
αλαλάξη	1
σκοτώνοντάς	1
ζωντανό	1
εκδικηθή	1
εξορίας	1
καλεί	1
γενεθλίους	1
γενούνε	1
επάκουοι	1
ευχών	1
πολυνείκης	1
καλοβάσταγη	1
πολεμιστή	1
χρυσοφτιασμένο	1
σεμνό	1
τρόπ	1
φέρω	1
κυβέρνια	1
φαντασιές	1
κρίν	1
σκέπτεσαι	1
στείλης	1
φερα	1
χης	1
κρίνε	1
κυβερνήσης	1
θεοβλαμμένη	1
παντοδάκρυτη	1
πατρικές	1
ταιριάζουν	1
οδυρμοί	1
ανυπόφορους	1
γεννήσουν	1
μάθομε	1
εμβλήματά	1
ξεφρενιάζουνε	1
παραστέκονταν	1
αγία	1
γένουνταν	1
σκοτάδια	1
παιδικά	1
άδρυναν	1
γενειού	1
καταδέχτηκε	1
κοιτάξη	1
ρήμαγμα	1
στέκη	1
ειδ	1
χε	1
πάγω	1
έβγω	1
άρχοντα	1
αδερφόν	1
εχθρόν	1
κτυπηθώ	1
φέρε	1
κνημίδες	1
πετρών	1
τόξων	1
πολυαγάπητο	1
τέκνον	1
ός	1
αρκετοί	1
θηβαίοι	1
ξεπλύνετ	1
κρίμ	1
ντροπιασθή	1
ατυχία	1
κομμός	1
τέκνο	1
μελετάς	1
θεοβλάβη	1
γιομίζει	1
ξεσύρη	1
πνίξε	1
πάθους	1
λαχε	1
κωκυτού	1
άνεμ	1
ωμοβόρα	1
επιθυμιά	1
ασυγχώρητο	1
καθώντας	1
άκλαυτα	1
δίνης	1
ονομασθής	1
ταιριάσης	1
μαυρογνέφαλη	1
δέχουνται	1
καλόγνωμα	1
μιάς	1
ξεγνοιστήκανε	1
ευπρόσδεκτ	1
γαλιφεύω	1
μεταλλαγμένη	1
άνεμο	1
φυσώντας	1
απαλό	1
λαβρίζει	1
λαβρίζουνε	1
ονειροφαντασιές	1
μεράζουν	1
στρέγης	1
λέγετ	1
γίνουνται	1
στομώνεις	1
ακονισμένος	1
στρέγη	1
στρατιώτης	1
ίδιου	1
αδερφού	1
τρυγήσης	1
δίνουν	1
ξεφεύγεις	1
σπιτοκαταλύτρα	1
παναλήθευτη	1
εκάλεσαν	1
ξώφρενες	1
θεοβλαμμένου	1
ταχαίν	1
ολέθρια	1
χάλυβος	1
σκυθία	1
μεράζει	1
σκληρόκαρδο	1
κληρώνει	1
κατοικούν	1
βαστούνε	1
πεθαμένοι	1
ξεκληρισμένοι	1
πεθάνουν	1
πιούν	1
μαυρόπηχτο	1
πληγής	1
καθαρίση	1
λούση	1
σμίγετε	1
βαστά	1
πεισματικά	1
μεσόμφαλα	1
πυθικά	1
πεθαίνοντας	1
ανόητες	1
νικημένος	1
ηδονές	1
εγέννησε	1
πατροκτόνο	1
ετόλμησε	1
αγνό	1
χωράφι	1
σπείρη	1
ετράφη	1
φύτρα	1
βουτημένη	1
αβουλία	1
νύμφιους	1
έσμιξε	1
ξώφρενους	1
κρεββάτι	1
τρίκορφο	1
βράζοντας	1
φουσκώνει	1
σκέπη	1
αδύναμη	1
πάχος	1
στυλώνει	1
βουλιάξη	1
δαμασμέν	1
βγαίνουνε	1
αρχαίες	1
στροφή	1
προσπερνά	1
φτωχό	1
συγκλαδόκορμο	1
ξερρίζωμα	1
πλούσιων	1
αχόρταγων	1
παραπαχύνη	1
εθαύμασαν	1
σπιτικοί	1
πολυσύχναστη	1
αγορά	1
ετιμούσαν	1
λύτρωσε	1
τόπο	1
άρπαξε	1
ένοιωσεν	1
πατρόκτονό	1
έχυσε	1
σπηρουνιαστά	1
έρριξε	1
οργισμένες	1
θρεφε	1
πικρόγλωσσες	1
βιό	1
μεράσουν	1
λάβετε	1
ευγενών	1
μητέρων	1
κόρες	1
ζυγόν	1
εγλύτωσε	1
πέσαν	1
υπερηφάνων	1
ήρθ	1
νερ	1
τρικυμίας	1
στεριώσαμε	1
αξιόχρεους	1
μονομάχους	1
έξι	1
έβδομην	1
σεβαστός	1
εβδομαγέτης	1
διάλεξε	1
εκδικήση	1
κακοκεφαλιές	1
τυχε	1
τρελλαίνομ	1
βάστα	1
άκουγε	1
γυιοί	1
συμφορών	1
εφάγανε	1
εσκοτωθήκαν	1
αφανίζει	1
λύπης	1
έχομ	1
σκυθικό	1
μεράσανε	1
κατοχή	1
άθλιες	1
σώθηκ	1
βασιλιάδων	1
ήπιε	1
αλληλοσκοτωμού	1
αναπαιστικόν	1
διαφεντεύετ	1
τραγούδια	1
άμοιρους	1
θλιβερούς	1
τελεία	1
σύγκρυο	1
εξέσπασα	1
αιματοκύλισμα	1
αλήθει	1
συναυλία	1
βγαλε	1
απόκαμε	1
δωσε	1
εβάσταξε	1
χάνουνε	1
δύναμή	1
πολυστέναχτοι	1
ανήκουστο	1
ήρθαν	1
κλαίη	1
εξοδος	1
αυτοφάνερα	1
πόνοι	1
πρίμον	1
λάμνετε	1
κουπιά	1
πομπή	1
πάντ	1
ανάμεσα	1
τραβάει	1
περνούνε	1
πανιά	1
δρόμον	1
ανήλιαγο	1
πάτησε	1
παντοδόχα	1
άφαντη	1
ξέρα	1
τες	1
πληρώσουν	1
αντιγόνη	1
ισμήνη	1
θρηνήσουν	1
αδέρφια	1
βαθύκολπα	1
χύσουν	1
παράφωνον	1
τονίσωμε	1
ψάλλωμε	1
άδου	1
δυστυχισμένες	1
ζώστρα	1
φορούνε	1
δακρύζω	1
δόλος	1
κακόγνωμοι	1
ανυπάκουοι	1
αδάμαστοι	1
πατρικά	1
ερημάξετε	1
άθλιοι	1
ηύρανε	1
αθλιώτατο	1
σπιτιώ	1
χαλασμό	1
τοίχους	1
ερρίξατε	1
μονάχοι	1
πικρούς	1
θρόνους	1
είδετε	1
εσυβαστήκετε	1
σεβαστή	1
ετέλειωσε	1
ομόσπλαχνα	1
πλευρά	1
δυστυχισμένοι	1
φέραν	1
αντίφονη	1
λαβωματιά	1
ανήκουστην	1
αψιθυμιά	1
διάφορη	1
στεναγμός	1
στενάζουνε	1
αγαπούσε	1
διαδόχους	1
μένουνε	1
κτήματα	1
ισιάδα	1
μεραστήκανε	1
αψίκαρδοι	1
συβιβαστή	1
χαρίστηκεν	1
σιδεροχτυπημένοι	1
σιδεροχτυπημένη	1
τάφων	1
αχός	1
προβοδά	1
σπαραχτικ	1
στενάγματα	1
βγαίνουν	1
άχαρα	1
κλαίμε	1
κλάμ	1
κάμανε	1
τάγματα	1
πάθαινε	1
φθορά	1
εγεννούσε	1
μαννάδες	1
λέγουνται	1
πήρεν	1
σκοτώσουνε	1
πανωλέθρια	1
φιλικά	1
λαβώματα	1
αμάχης	1
έπαυσε	1
σμίξανε	1
αιματοποτισμένα	1
μπερδεψιές	1
ξεχωριστής	1
περατινός	1
ακονισμένο	1
κληρονομιάς	1
στάθηκε	1
μεραστής	1
μερδικό	1
ελάχανε	1
μερασιά	1
μαύροι	1
κτημάτων	1
σκέπασε	1
άβυσσο	1
πλούτο	1
εστεφανώσετε	1
ερέκαξαν	1
στριγγά	1
επινίκιο	1
αφόντας	1
ασταμάτηγο	1
φευγιό	1
επήρ	1
άτης	1
στέκεται	1
τρόπαιο	1
σκοτώθηκαν	1
νίκησεν	1
ελούφαξε	1
αντογονη	1
έλαβες	1
σκότωσες	1
κακόπραγος	1
κακόπαθος	1
δάκρυά	1
θρηνώ	1
πολυθρήνητ	1
τρισάμοιρε	1
εσκοτώθηκες	1
δικόν	1
αδερφικές	1
κακοθώρητες	1
επιστρέφοντας	1
μόφερες	1
γυρνώντας	1
ορμώντας	1
έχασεν	1
πολυστέναχτες	1
πολυθρήνητες	1
θλίψες	1
δοκίμασες	1
γύρισες	1
στάθηκες	1
ετεοκλή	1
πολύκλαυτε	1
ετυφλωθήκατε	1
κορμάκια	1
τόπος	1
θάψωμε	1
ετοιμασμένο	1
προύχοντες	1
μάθετε	1
ετεοκλέα	1
παλικάρια	1
θάψουν	1
χώρ	1
ριχτή	1
θροφή	1
σκύλων	1
χαλαστής	1
ξένο	1
ατιμάζοντάς	1
εκούρσευε	1
ωρίσθη	1
άτιμη	1
όρνια	1
πετούμενα	1
άξια	1
επίχειρά	1
σωριάσουν	1
μνημούρι	1
τιμηθή	1
οξύβοα	1
ξόδι	1
ακλουθήση	1
έλαβαν	1
πρόκριτοί	1
προκρίτους	1
θάβοντας	1
δεσμός	1
σπλάχνο	1
ελάβαμε	1
άμοιρο	1
πάρ	1
έκαμ	1
ζωντανή	1
φιλάδελφο	1
φρόνημα	1
δείξε	1
λύκοι	1
γευτούνε	1
λιμάντεροι	1
χώσμα	1
βυσσινιού	1
πέπλου	1
κόρφο	1
σκεπάσω	1
βρή	1
σκλήριζε	1
θάψης	1
κριθή	1
πιά	1
τούτος	1
άχτι	1
βγαζε	1
στερνή	1
τελειώνει	1
έρις	1
χάνης	1
κεφαλιού	1
απόειπα	1
αλλοίμον	1
μεγαλόγνωμες	1
σπιτοκαταλύτρες	1
κήρες	1
ξεπατώσετ	1
πρόρριζα	1
σοφιστώ	1
τολμήσω	1
ξοδιάσω	1
τραβιούμαι	1
μοιρολογήτρες	1
αθρήνητος	1
κλάψιμο	1
αδερφής	1
στρέξη	1
άρα	1
θάψουμε	1
συνοδειά	1
παραδέχετ	1
διαφέντεψεν	1
θαλασσώση	1
τελος	1
αριθμοί	1
υποσημειώσεις	1
σελίδων	1
μεταφερθεί	1
περικλείονται	1
έντονοι	1
χαρακτήρες	1
τονισμός	1
διατηρηθεί	1
φ	1
ρ	1
χαροκοπος	1
ιω	1
προλογος	1
κλείδα	1
κατανόησιν	1
δευτερευούσης	1
πλατωνικού	1
ευρίσκομεν	1
επίλογον	1
διηγείται	1
γηραιός	1
απερχόμενος	1
εριστικοί	1
συνήντησεν	1
ρήτορα	1
πεφημισμένων	1
αθήναις	1
εξέφρασε	1
εριστικήν	1
εξέτεινε	1
όσων	1
λέγονται	1
ρήτορος	1
λογογράφος	1
ρητοροδιδάσκαλος	1
ουδέποτε	1
παρουσιάσθη	1
δικαστήριον	1
εικάζεται	1
πιθανώς	1
ισοκράτους	1
τε	1
ουχί	1
απαντώσι	1
τοιαύται	1
επιπόλαιοι	1
επιθέσεις	1
φιλοσόφων	1
δυνάμεναι	1
αδιακρίτως	1
αποβλέπωσι	1
πλάτωνα	1
μεγαρικούς	1
οιονδήποτε	1
υπόθεσις	1
υπαινιγμού	1
ισοκράτην	1
βάσιμος	1
κριτικοί	1
επολέμησαν	1
εγένετο	1
επιθέσεως	1
τινός	1
εδίδετο	1
χωρίση	1
σωκρατισμόν	1
διαφόρων	1
σωκρατικών	1
σχολών	1
έγραψε	1
ευφυεστάτην	1
αληθώς	1
αριστοφάνειον	1
ταύτην	1
σάτυραν	1
παρουσιάζει	1
ασήμους	1
σοφιστάς	1
αγοραίους	1
επιδεικνύοντας	1
ψυχρότητος	1
ήτις	1
μολονότι	1
πηγάζουσα	1
υπέστη	1
τοσαύτην	1
παρέκκλισιν	1
οφειλομένην	1
επίδρασιν	1
ζήνωνος	1
παράδοξοι	1
συλλογισμοί	1
βοηθητικόν	1
γυμναστικής	1
πνεύματος	1
κατήντησαν	1
εαυτούς	1
σοφίσματα	1
ιδίας	1
ασφαλέστατον	1
γνωστάς	1
συνθήκας	1
διετέλει	1
αθηναϊκή	1
κοινωνία	1
ευκόλου	1
χρηματισμού	1
προορισμένοι	1
εκπλήττουν	1
περιάγουν	1
αμηχανίαν	1
προκαλούν	1
πλήθους	1
ελεεινοί	1
εκδοχήν	1
παρέρχονται	1
σιωπηλώς	1
παραλείπουν	1
περιοριστικούς	1
εννοίας	1
προσδιορισμούς	1
δικαιολογουμένης	1
ειδικής	1
συνηθείας	1
γλώσσης	1
αλλοιούσης	1
προκειμένη	1
περιστάσει	1
αντικαθιστούν	1
κτητικής	1
αντωνυμίας	1
τεχνάσματα	1
καταλήγουν	1
συμπερασμάτων	1
αφαντάστου	1
παραδοξότητος	1
αηδών	1
παραδοξολογιών	1
παρεισάγει	1
λαθρεμπορικώς	1
πονηράν	1
επιτηδειότητα	1
προτάσεις	1
γνωστόν	1
ανήκουν	1
χ	1
ισχυρισμός	1
κρίσεων	1
ταυτότητος	1
αντιλογίας	1
γενικώτερον	1
οιασδήποτε	1
ψευδούς	1
βεβαιώσεως	1
απορίας	1
ταύτας	1
κυνικής	1
υπεστήριζε	1
σοβαρώς	1
επιστημονικώς	1
αμφιβολία	1
εξευτελίζει	1
διδασκαλίαν	1
γεγονός	1
παριστά	1
μεταπηδήσαντας	1
ρητορικής	1
προχωρημένην	1
περιέχη	1
προθέσεως	1
υπαινιγμόν	1
αντισθένους	1
ομοίαν	1
οδόν	1
ακολουθήση	1
σοφιστή	1
οψιμαθή	1
γέροντα	1
διάλογον	1
σατυρικόν	1
εξασκείται	1
σκώμμα	1
γνωστή	1
σωκρατική	1
ειρωνεία	1
δεξιοτεχνίας	1
παρεμβαλλόμενοι	1
απέριττοι	1
ευθείς	1
διάλογοι	1
οποίων	1
αναζητούν	1
βασιλικήν	1
υπερτάτου	1
αγαθού	1
αντιτίθενται	1
κενά	1
λογοπαικτικά	1
σχοινοβατήματα	1
εριστικών	1
τόνον	1
έντασιν	1
μοναδικήν	1
εξαίρεται	1
συνόλου	1
καλλιτεχνική	1
εντύπωσις	1
μερικάς	1
περιγραφάς	1
οποίαι	1
πάλλονται	1
μετρημένον	1
πραγματισμόν	1
κατέχει	1
χρονολογικήν	1
ακολουθίαν	1
πλατωνικών	1
έργων	1
θεωρηθή	1
πάντως	1
προγενέστερος	1
μένωνος	1
προϋποθέτει	1
πρωταγόραν	1
γοργίαν	1
εκδότης	1
πλάτωνος	1
ημέτερος	1
μοραΐτης	1
καταλέγει	1
πειστικώτατα	1
επιχειρημάτων	1
ων	1
αποδεικνύεται	1
ύστερος	1
πρωταγόρου	1
κριτων	1
σωκρατης	1
διονυσοδωρος	1
κλεινιας	1
κτησιππος	1
εσυζητούσες	1
εχθές	1
λύκειον	1
επλησίασα	1
συνωστισμός	1
νακούσω	1
ανασηκώθηκα	1
εφάνηκε	1
συζητούσατε	1
ποιον	1
ανάμεσά	1
πόσον	1
κριτόβουλο	1
ισχνός	1
μικροκαμωμένος	1
σχηματισμένος	1
ωραιότατος	1
χαριτωμένος	1
συζήτησιν	1
κάποιοι	1
καινούργιοι	1
νάχωμε	1
ρώτημα	1
καταγωγή	1
χίο	1
επήγαν	1
εγκατεστάθησαν	1
εξορισμένοι	1
τριγυρίζουν	1
γνωρίση	1
παγκρατιασταί	1
ξεχωρίζουν	1
είδη	1
αγώνων	1
ακαρνάνες	1
σώμα	1
κεφάλαιον	1
υπερέχουν	1
νίκην	1
άριστα	1
οπλομαχητικήν	1
πρώτης	1
τάξεως	1
πολεμισταί	1
δικαστικούς	1
μέχρι	1
τούδε	1
περιωρίζετο	1
ανέφερα	1
παγκρατιαστικής	1
ακαλλιέργητον	1
επεξεργάσθησαν	1
βαθμόν	1
φοβεροί	1
ανασκευάζουν	1
χρόνον	1
τυχόντα	1
εμπειρότατον	1
επαρκή	1
ενθαρρύνει	1
προχωρημένοι	1
επεδόθησαν	1
προπέρυσι	1
ντροπιάσω	1
μητροβίου	1
κιθαριστήν	1
μουσικής	1
συμμαθηταί	1
περιγελούν	1
γεροντοδιδάσκαλον	1
συμβή	1
δεχθούν	1
εκατάφερα	1
έρχωνται	1
παίρνουν	1
παρασύρω	1
άσχημο	1
δόλωμα	1
πάρωμε	1
συγκατανεύσουν	1
εξήγησέ	1
όρεξιν	1
ακούης	1
προφασισθώ	1
ελησμόνησα	1
καταλεπτώς	1
αποδυτήριον	1
αποφασίση	1
σηκωθώ	1
σηκώνομαι	1
συνηθισμένον	1
δαιμόνιον	1
ξανακάθωμαι	1
μπαίνουν	1
εμβήκαν	1
περιπατούν	1
στεγασμένην	1
στοάν	1
γύρους	1
μπαίνει	1
παιανίαν	1
παληκάρι	1
παράφορος	1
εμβήκεν	1
διευθύνεται	1
παρετήρησες	1
ευδύθημος	1
εσταμάτησαν	1
έστρεφαν	1
παρακολουθούσα	1
πλησιάζουν	1
κάθονται	1
επήραν	1
έτυχεν	1
αντήλλαξα	1
θερμοτέρους	1
χαιρετισμούς	1
σπουδαιότατα	1
πολεμικής	1
στρατηγός	1
διοική	1
παρατάσση	1
μάχην	1
καταστήση	1
εμπειροπόλεμον	1
υπερασπίζεται	1
δικαστηρίων	1
αδικήση	1
επροκάλεσαν	1
οίκτον	1
εγύρισαν	1
εκύτταξεν	1
εγέλασαν	1
καταγινόμεθα	1
παραξενεύτηκα	1
εξαιρετικής	1
κυρία	1
ενασχόλησις	1
σπουδαία	1
θεωρείτε	1
εξορκίζομεν	1
φρονούμεν	1
γρηγορότερα	1
λέτε	1
θαυμασίαν	1
ανακάλυψιν	1
διεκρίνεσθε	1
διδασκαλία	1
συνιστούσα	1
κατέχετε	1
έλεός	1
αποτείνωμαι	1
δεηθώ	1
τύχω	1
συγγνώμης	1
πρωτύτερα	1
ιδέτε	1
είπατε	1
ευρίσκετε	1
παράδοξον	1
μεγαλείον	1
επαγγελιών	1
καθιστά	1
άπιστον	1
μακαρίζω	1
απόκτημα	1
μέγαν	1
βασιλέα	1
δύναμίν	1
επιδείξετε	1
προτίθεσθε	1
ήλθαμεν	1
επιδείξωμεν	1
αποκτήσουν	1
εγγυώμαι	1
εραστάς	1
περικυκλώση	1
καθήση	1
μακρυά	1
ωμιλούσε	1
έσκυβε	1
απέκρυπτε	1
οφθαλμούς	1
στερήται	1
θέαν	1
φιλομαθής	1
εσηκώθηκε	1
εστάθηκε	1
εμιμήθησαν	1
παράδειγμά	1
ήλθαν	1
εστάθηκαν	1
έτοιμοι	1
διδαχθώμεν	1
επεβεβαίωσε	1
προθυμίαν	1
συνήνωσαν	1
αποκαλύψουν	1
ικανοποιήσετε	1
ιδικήν	1
έκτασιν	1
καταστήσετε	1
αμφιβάλλει	1
καταλληλότεροι	1
σκεπτόμενον	1
διδάσκεται	1
προτρέψη	1
πιστεύομεν	1
αφήσετε	1
ευθετώτερον	1
πείσατε	1
επιδοθή	1
ολοκλήρου	1
υποχρεώσετε	1
εξαιρετικόν	1
ενδιαφέρον	1
καλύτερος	1
ονομάζεται	1
υιός	1
εγγονός	1
παλαιού	1
εξάδελφος	1
σημερινού	1
φοβούμεθα	1
φοβήται	1
διεύθυνσιν	1
ημπορούσετε	1
έλθετε	1
καταλληλοτέραν	1
εμποδίζη	1
δοκιμάσετε	1
συνδιαλεχθήτε	1
παρουσία	1
εμποδίζει	1
ναπαντήση	1
συνηθισμένος	1
αφήνουν	1
συνδιαλέγονται	1
δυσκολίαν	1
ημπορέσω	1
μικρόν	1
πιστήν	1
διήγησιν	1
θαυμαστής	1
ποιηταί	1
επιληφθώ	1
διηγήσεως	1
επικαλεσθώ	1
μούσας	1
μνημοσύνην	1
ομιλίαν	1
ποίοι	1
ερώτημα	1
προφανή	1
έστρεψε	1
έχασε	1
συστολήν	1
ορθότερον	1
ανυπολόγιστος	1
ωφέλεια	1
έσκυψεν	1
πρόσωπον	1
εμειδία	1
προλέγω	1
συστήσω	1
ερώτησε	1
διδασκάλους	1
κιθαριστής	1
γραμματιστής	1
ήμασθε	1
κλίσιν	1
διδασκάλου	1
ακόλουθοι	1
εξερράγησαν	1
θορυβώδεις	1
αναπνοήν	1
παραλαμβάνει	1
διδάσκαλός	1
σάς	1
εμάνθανε	1
στήθους	1
εμάνθανον	1
θόρυβος	1
θαυμαστών	1
επροξένει	1
κατάπληξιν	1
εμβρόντητοι	1
είδεν	1
δίδων	1
γυμνασμένοι	1
χορευταί	1
στροφήν	1
ψιθυρίζει	1
σιγά	1
ανταξία	1
ερωτήματα	1
κάνομ	1
εξηγεί	1
κύρος	1
μαθητών	1
πρότερον	1
απαγγέλλη	1
αποστηθίζουν	1
ηναγκάσθη	1
συγκατανεύση	1
σφαίρα	1
σημαδεύει	1
προσπαθεί	1
γελάση	1
κατέχη	1
ποιοί	1
συγκατένευσεν	1
τρίτην	1
πάλαιμα	1
ετοιμάζετο	1
ρίψη	1
καταπονεμένον	1
ξεκουράσω	1
εγκαρδιώσω	1
παραξενεύεσαι	1
ασυνήθιστος	1
κορύβαντες	1
υποβάλλουν	1
τελετήν	1
ενθρονισμού	1
μυστήριά	1
μυηθή	1
αρχίζουν	1
χορεύουν	1
πηδούν	1
αστειευόμενοι	1
φαντάσου	1
προοίμια	1
σοφιστικών	1
μυστηρίων	1
κυρίαν	1
ήξευρες	1
σκέπτεται	1
ιδίου	1
πράξις	1
συνηθέστερον	1
ρήμα	1
ενίοτε	1
απέδειξαν	1
λέξις	1
εφαρμόζεται	1
διαφορετικάς	1
περιστάσεις	1
δευτέραν	1
ισχυρίσθην	1
έπαιζαν	1
εμάθαινε	1
εγνώριζε	1
φύσιν	1
ουσίαν	1
διασκεδάζη	1
εξαφνίζη	1
ανάσκελα	1
τραβούν	1
καθίσης	1
ιδούν	1
ξαπλωμένο	1
φαρδύ	1
πλατύ	1
παιγνίδι	1
σπουδαίων	1
σοβαρών	1
υποχρέωσιν	1
παρακαλέσω	1
κρατήσουν	1
υπόσχεσίν	1
έδωσαν	1
υπεσχέθησαν	1
προτρέπωνται	1
ενόμισαν	1
αρχίσουν	1
αστειότητας	1
φθάνη	1
προκείμενον	1
καλλιεργήση	1
βλέψεις	1
επ	1
πραγματευόμενον	1
περιγελάσετε	1
εύρητε	1
απλοϊκά	1
επωφεληθώ	1
αυτοσχεδιάσω	1
ανεχθήτε	1
γελάσετε	1
υιέ	1
επιθυμούμεν	1
εκείνας	1
ανοησίας	1
εφοβούμην	1
ανόητη	1
ονομάζομεν	1
υγιεία	1
ευμορφιά	1
όμοιαι	1
τελειότητες	1
σώματος	1
αυταί	1
ευγένεια	1
δύναμις	1
τιμαί	1
υπολείπονται	1
σωφροσύνη	1
δικαιοσύνη	1
ανδρεία	1
κατατάξωμεν	1
αμφισβητήση	1
βάλωμεν	1
κύτταξε	1
εσυλλογίσθηκα	1
ναφήσωμεν	1
σπουδαιότερον	1
ποιό	1
ερώτησεν	1
δώρον	1
επιτυγχάνη	1
ήλθα	1
αναφέρη	1
ανωτέρω	1
εκάμαμεν	1
επανέρχεται	1
επαναλαμβάνη	1
καταλάβη	1
παρεξενεύθη	1
απλούς	1
παρετήρησα	1
αύλησιν	1
επαγγέλματος	1
αυληταί	1
γραματισταί	1
γραφήν	1
ανάγνωσιν	1
γραμμάτων	1
θαλάσσης	1
τινές	1
διαφεύγουν	1
επιτυχέστερον	1
κυβερνήτας	1
επήγαινες	1
επροτιμούσες	1
συμμερισθής	1
τύχας	1
στρατηγόν	1
ασθενήσης	1
εμπιστεύεσο	1
ιατρόν	1
πιθανότητας	1
επιχείρησις	1
στέφεται	1
πανταχού	1
επιτυχία	1
συμβαδίζει	1
εσυμφωνήσαμεν	1
παραδέχθημεν	1
κατέχομεν	1
αφθόνους	1
τροφάς	1
ετρώγαμεν	1
ποτά	1
επίναμεν	1
επάγγελμά	1
έκαμναν	1
ξυλουργός	1
εργαλεία	1
ξυλικήν	1
ειργάζετο	1
έβλεπε	1
άπειρα	1
χρησιμοποιή	1
έφθανε	1
κάτοχος	1
απόκτησίς	1
χρήσις	1
αρκούν	1
ευτηχή	1
οφείλει	1
αδιάφορον	1
χειρότερον	1
κατεργασίαν	1
ξύλων	1
ξυλουργική	1
εργαλείων	1
σχετική	1
υγιείας	1
κάλλους	1
καθοδηγεί	1
συμφωνώ	1
όφελος	1
ωφελήσουν	1
προτιμότερον	1
δυστυχής	1
ανδρείος	1
ανεπτυγμένος	1
πράττη	1
οκνηρός	1
δραστήριος	1
γρήγορος	1
αμβλείαν	1
ακοήν	1
όρασιν	1
οξείαν	1
ανακεφαλαιώσωμεν	1
ωνομάσαμεν	1
θεωρηθούν	1
φύσεως	1
φαινόμενα	1
ευρίσκωνται	1
αμαθείας	1
αντίθετα	1
παρέχουν	1
ενεργείας	1
κάτοχον	1
εξυπηρετούν	1
μεγαλύτερα	1
απόλυτον	1
συμπέρασμά	1
εξαιρέσης	1
αμάθειαν	1
προχωρήσωμεν	1
παρακάτω	1
γίνουν	1
είδομεν	1
τοιούτοι	1
μεταχειριζόμεθα	1
επιδιώκη	1
σοφώτερος	1
οσαδήποτε	1
επιτρόπους	1
συμπολίτας	1
μεταχειριζόμένος	1
ικεσίας	1
μεταδώσουν	1
αισχρόν	1
εντροπή	1
υπηρέτην	1
δούλον	1
ζωηράν	1
σωστότατα	1
πάση	1
κατεβαίνει	1
ουρανόν	1
υπολείπεται	1
συμφωνήση	1
άριστε	1
έκαμες	1
απήλλαξες	1
μακράν	1
εξέτασιν	1
ευδοκίμησιν	1
επιδιώκωμεν	1
κατενθουσιασμένος	1
διαβεβαίωσιν	1
παράδειγμα	1
επιθυμούσα	1
προτρεπτικοί	1
ακατέργαστον	1
παρατραβηγμένον	1
κανόνας	1
αναλάβετε	1
πρέπη	1
ζωηροτέραν	1
συνεκέντρωσα	1
επελαμβάνοντο	1
ήρχιζαν	1
παροτρύνουν	1
άσκησιν	1
προσηλώσαμεν	1
ηκούαμεν	1
θαυμαστούς	1
εβγήκαμεν	1
γελασμένοι	1
κατάλληλα	1
παρακινήσουν	1
αστειεύεσθε	1
επίστευσαν	1
αστειευθούμεν	1
παρακαλέσαμεν	1
συζητήσουν	1
σπουδαιολογούν	1
διαβεβαιώσω	1
θετικώτερον	1
σπουδαιολογούμεν	1
πρόσεχε	1
εξηκολούθησεν	1
απαρνηθής	1
διαβεβαιώνεις	1
αρνηθώ	1
φαντασμένο	1
θέλομεν	1
εταράχθηκα	1
επωφελούμενος	1
ταραχής	1
έσπευσεν	1
πρώτ	1
επιθυμούν	1
αγαπημένου	1
ήκουσε	1
άναψαν	1
αίματά	1
αγανάκτησιν	1
ξένε	1
θούριε	1
χονδρόν	1
φαντάσθηκες	1
αποδώσης	1
ψευσθή	1
παράφρων	1
ψεύδεται	1
χωριστόν	1
αντίρρησιν	1
πραγματικόν	1
αληθινόν	1
εννοούμεν	1
ενεργήση	1
ενεργώ	1
κάμνω	1
ομολογίαν	1
ψέμματα	1
ωμίλησεν	1
υποστηρίζεις	1
υποστηρίζω	1
φυλαχθής	1
ηξεύρης	1
ζεστούς	1
ζεστά	1
κρύους	1
κρύα	1
ομιλίες	1
κρύες	1
ήρχισες	1
εκτιμώ	1
αδιαντροπιά	1
χοντραίνουν	1
ηθέλησα	1
γυρίσω	1
αστείον	1
οφείλομεν	1
δεχώμεθα	1
καθήμεθα	1
συζητούμεν	1
θανατώνουν	1
ξανακάνουν	1
ευρήκαν	1
έμαθαν	1
θαυματουργόν	1
καταστροφής	1
χαλούν	1
παλιάνθρωπον	1
παρουσιάζουν	1
προκοπής	1
διεβεβαίωσαν	1
ανακάλυψαν	1
παραχωρήσωμεν	1
θυσιάσουν	1
ξανακάμουν	1
πείραμα	1
υποβάλλομαι	1
προθύμως	1
κίνδυνον	1
παραδίδω	1
μήδεια	1
κολχίδα	1
ξανακάμη	1
προκομμένο	1
γδάρουν	1
γδέρνουν	1
δέρμα	1
ασκόν	1
μαρσύου	1
πέρασε	1
εθύμωσα	1
αγρίεψα	1
υβρίζω	1
αντιλέγω	1
αποκρούω	1
αδίκως	1
απέδωσεν	1
αντιλογίαν	1
ονομάζης	1
ύβριν	1
ύβρις	1
αντιλογία	1
αρνείσαι	1
ύπαρξίν	1
αντιλέγουν	1
ακούσωμεν	1
ευγενεία	1
αντιλέγη	1
ανελάμβανες	1
απεδείξαμεν	1
ευρέθηκε	1
εκάμναμεν	1
ελέγαμεν	1
κάμεις	1
αντιλέγωμεν	1
έμεινεν	1
πολλάκις	1
εθαύμασα	1
σχολή	1
πρωταγόρα	1
αρχαιότεροι	1
μετεχειρίζοντο	1
ανατρέπει	1
διδάξης	1
ομιλεί	1
ειπούν	1
ψευδής	1
δοξασία	1
ορθάς	1
εκπλήξης	1
παραδοξολογίαν	1
αναιρέση	1
εζήτησα	1
αναιρέσης	1
ισχυρισμόν	1
εννοώ	1
αμυδρώς	1
συμπαθήσης	1
κοίταξε	1
διαπράξη	1
σφάλμα	1
ισχυρίζεσθε	1
ανόητος	1
σφάλλωμεν	1
πράξεις	1
σκέψεις	1
νάχετε	1
εβεβαιώσετε	1
κρονόληρος	1
κατήντησες	1
έρχεσαι	1
επαναλαμβάνης	1
ενθυμηθής	1
δύσκολα	1
αναιρέσω	1
επιχειρήματά	1
ήλθες	1
σοφώτατος	1
εξακολουθείς	1
ξεχνάς	1
υπακούσω	1
κύριος	1
διαταγάς	1
άψυχα	1
φράσιν	1
ηρώτησες	1
βλακείαν	1
εννούν	1
εξελέγξης	1
υπεστήριξες	1
απατηθή	1
ειπής	1
αναφέρομαι	1
ρίπτει	1
πίπτει	1
συμβαίνη	1
λεπτολογίαν	1
χίον	1
αλλού	1
αρέσει	1
μέλλει	1
παραμιλήτε	1
ξυπνοί	1
φοβούμενος	1
επροσπάθησα	1
καταπραΰνω	1
επαναμβάνω	1
θαυμαστήν	1
επιδείξουν	1
μιμούνται	1
πρωτέα	1
αιγύπτιον	1
απατούν	1
γοητείας	1
μιμηθώμεν	1
μενέλαον	1
ξεκολλήσωμεν	1
δείξουν	1
σοβαράν	1
παρουσιάσουν	1
εξαιρετικώς	1
αποφασίσουν	1
εξορκισμούς	1
εξηγήσω	1
διακόψη	1
κατορθώσω	1
κλονίσω	1
απόφασίν	1
ελεήσουν	1
λυπηθούν	1
έντονον	1
προσπάθειαν	1
σπουδαιολογήσωμεν	1
θύμησέ	1
επιδοθώμεν	1
ευρίσκωμεν	1
διατρέχοντες	1
περισσότερος	1
κεκρυμμένος	1
ανωφελές	1
σκάπτωμεν	1
ηθέλαμεν	1
κόσμου	1
ηξεύραμεν	1
μεταβάλλωμεν	1
απεδείχθη	1
οικονομολογική	1
ικανή	1
αθανάτους	1
αθανασίας	1
συμμερίζομαι	1
ωραίε	1
συνδυάση	1
ιδιότητας	1
προφανές	1
περίφημοι	1
κάτοχοι	1
ολοκληρίαν	1
κιθαροποιητική	1
κιθαριστική	1
αυλοποιητική	1
λογοποιητικήν	1
στηρίζεσαι	1
μεταχειρισθούν	1
όργανα	1
κατασκευάζουν	1
μεταχειρίζωνται	1
κατεσκεύασαν	1
συνθέσουν	1
προκειμένου	1
πειστική	1
απόδειξις	1
εφανταζόμουν	1
ευρίσκαμεν	1
τόσην	1
ευρεθώ	1
εντύπωσιν	1
σοφωτάτων	1
υψηλή	1
παραξενεύει	1
κατωτέρα	1
σφαλάγγια	1
σκορπιούς	1
φαρμακερά	1
ασθενείας	1
καταπραΰνει	1
ειπείν	1
δικαστάς	1
βουλευτάς	1
συναθροίσεις	1
διαφορετικήν	1
στραφώμεν	1
απευθυνθώμεν	1
κυνηγά	1
πιάνη	1
θήραμα	1
πιάσουν	1
κυνηγήσουν	1
ψαράδες	1
μαγείρου	1
γεωμέτραι	1
αστρονόμοι	1
μαθηματικοί	1
γεωμετρικά	1
σχήματα	1
ανευρίσκουν	1
χρησιμοποιήσουν	1
ανακαλύψεις	1
ανόητοι	1
διαλεκτικούς	1
προσήκουσαν	1
σοφώτατε	1
ωραιότατε	1
απαράλλακτον	1
κυριεύσουν	1
στρατόπεδον	1
εκυρίευσαν	1
ορτύκια	1
ορτυκοτρόφους	1
χρειαζώμεθα	1
ζητήσωμεν	1
αντί	1
στρατηγικής	1
παιδάριον	1
δάσκαλον	1
παρόν	1
υπέρτερα	1
όντα	1
εζητήσατε	1
εζητούσετε	1
βρήκαμε	1
καταντήσαμεν	1
κυνηγούν	1
κορυδαλούς	1
επιστεύαμε	1
πιάσωμε	1
έφευγε	1
πολυλογώ	1
αναφέρω	1
εφθάσαμεν	1
εξετάζαμεν	1
είδαμεν	1
λαβύρινθον	1
ενομίζαμεν	1
ευρισκόμεθα	1
αναγκασθήκαμε	1
γυρίσωμεν	1
βήματά	1
ευρεθώμεν	1
ερευνών	1
ότε	1
επελήφθημεν	1
κατελήξαμεν	1
συμπέρασμα	1
εσκέφθημεν	1
όλαι	1
ήθελον	1
προφανώς	1
αληθούς	1
ευδαιμονίας	1
στίχον	1
αισχύλου	1
κάθηται	1
πρύμνην	1
πηδάλιον	1
χείρας	1
διευθύνει	1
κοινήν	1
ορθή	1
υπομονήν	1
επηκολούθησε	1
επήραμεν	1
υπόκεινται	1
ερωτούσα	1
υγιείαν	1
ιδική	1
γεωργική	1
εξάγει	1
τροφήν	1
εδυσκολεύεσο	1
είχομεν	1
θεωρήσωμεν	1
τοιαύτα	1
πλουσίους	1
πολίτας	1
ελευθερίαν	1
εξασφαλίζη	1
στάσεις	1
κατόχους	1
έκαμνεν	1
παραδεχθήκατε	1
ημπόδιζε	1
υποδηματοποιίαν	1
κοινωνούς	1
καμμιάς	1
άλλης	1
είπωμεν	1
χρήσιμοι	1
καθεξής	1
δίδομεν	1
κινδυνεύομεν	1
γυρίζωμεν	1
διαρκώς	1
φαύλον	1
απέχομεν	1
εύρωμεν	1
περιήλθετε	1
αδιέξοδον	1
διοσκούρους	1
φωνής	1
σώσουν	1
τρικυμίαν	1
διέλθωμεν	1
ζωής	1
κατεδέχθη	1
ικανοποιήση	1
υπερήφανον	1
διδάξω	1
βασανίζει	1
ευρήτε	1
κατέχεις	1
μακάριε	1
ευκολώτερον	1
κάθομαι	1
μαθαίνω	1
αγνοώ	1
εβεβαίωσες	1
έποψιν	1
εζητούσαμεν	1
εδίδαξες	1
συλλογισμός	1
ανεκάλυψες	1
ανασκευάζεις	1
παθαίνεις	1
αγανακτήσω	1
οτιδήποτε	1
κοινού	1
αγαπημένον	1
θαύμα	1
ανεκτίμητος	1
θησαυρός	1
απεκαλύφθη	1
άσοφοι	1
εφόσον	1
ομιλείτε	1
εισηκούσθησαν	1
βυρσοδεψικήν	1
υποδήματα	1
κόπτωμεν	1
πάτους	1
πόσος	1
αριθμός	1
κόκκων	1
άμμου	1
αρνηθώμεν	1
δόσετέ	1
πιστεύσω	1
γνωρίζομεν	1
απαντήσατε	1
αποδείξετε	1
βρεθούν	1
μετρήσωμεν	1
πιστεύσωμεν	1
έβλεπαν	1
κορόιδευε	1
απαντούσαν	1
ερωτούσε	1
επανελάμβανον	1
απροκαλύπτως	1
ακλόνητον	1
γενναιότητα	1
αντιμετώπιζαν	1
διαβεβαιούντες	1
κάπροι	1
σίδηρον	1
πληγώνει	1
ώθησεν	1
απιστία	1
χορεύη	1
γέρνη	1
τούμπες	1
στημένα	1
μαχαίρια	1
τροχόν	1
μέχρις	1
σημείου	1
ήσαστε	1
γεννηθήκετε	1
απίστευτον	1
θαυμαστά	1
έλεγχος	1
ευχάριστος	1
είδησιν	1
πολυτιμότερον	1
εύρημα	1
εύρω	1
απάντα	1
απαντώ	1
πράγματός	1
υποθέτω	1
εννοείς	1
εντρέπεσαι	1
προστάξεις	1
ρωτάς	1
απαιτείς	1
αποκρίνωμαι	1
επεξηγήσεις	1
στέρξης	1
άσχετον	1
ερώτημά	1
παραφθάνει	1
καταλάβω	1
πρωτινό	1
εθύμωνε	1
διευκρινίζω	1
λεγόμενα	1
όσω	1
τυλίξη	1
έστηνε	1
ενθυμήθηκα	1
μουσικοδιδάσκαλόν	1
θυμώνει	1
υπακούω	1
παραιτεί	1
ανεπίδεκτον	1
μαθήσεως	1
αποφασισμένος	1
ακολουθήσω	1
έκρινα	1
υποχωρήσω	1
χαρακτηρίση	1
δύστροπον	1
ασυμβίβαστον	1
δεχθή	1
ευρίσκης	1
διδάσκαλος	1
αρχάριος	1
επανάλαβε	1
τίνος	1
απαιδευσία	1
συγχώρησέ	1
αποκρίνομαι	1
ερωτόμενον	1
παύσης	1
προσθέτης	1
απαντήσεις	1
εφοβήθηκα	1
εξαπατήση	1
φόβον	1
αφαιρέσωμεν	1
ξαναπέσαμε	1
περιττολογίαν	1
αποσύρης	1
ζητήσω	1
ημπορούσες	1
τερατωδώς	1
ακατανόητον	1
πρόσθετε	1
ομολόγησες	1
γεννήσεώς	1
συλλήψεώς	1
γεννηθής	1
ουρανός	1
ανεκτίμητε	1
παραπιστεύω	1
έδιδε	1
συγκατάθεσίν	1
πέτε	1
αμφισβητήσω	1
υπερφυσικής	1
ισχυρισθώ	1
χαλάς	1
φανή	1
έως	1
φθονήσης	1
μάθημα	1
φεύγεις	1
ασθενέστερος	1
καταφέρη	1
ύδραν	1
σοφίστρια	1
εξεφύτρωνε	1
έκοπτε	1
κεφαλήν	1
πολλάς	1
καρκίνον	1
πέρ	1
θάλασσαν	1
απεβιβάσθη	1
παρηνώχλει	1
ηρακλέα	1
δαγκάματα	1
ηνάγκασε	1
επικαλεσθή	1
βοήθειαν	1
ανεψιού	1
ιολάου	1
εβοήθησεν	1
ήρχετο	1
εχόρτασες	1
διονυσόδωρέ	1
θέσης	1
εμποδίσης	1
όμοιον	1
ιφικλής	1
ομοπάτριος	1
καταντήσωμεν	1
πέτρα	1
προσέθεσεν	1
διακόψας	1
εδικός	1
ήθελες	1
πρόσεξε	1
συνάπτεις	1
τερατώδες	1
ίππων	1
ζώων	1
αχινών	1
κωβιούς	1
σκυλάκια	1
γουρουνάκια	1
ομολογήσης	1
κακορρίζικο	1
κουτάβια	1
ανέβαινε	1
κτήσιπος	1
ξυλιές	1
δίνω	1
έτρωγε	1
αμφιβάλλω	1
απήλαυσεν	1
άρρωστος	1
βγάλης	1
νόστιμά	1
συμπεράσματα	1
άρρωστον	1
ποσότητα	1
έτριβε	1
έδινε	1
πιη	1
άμαξαν	1
ελλεβόρου	1
αμφιβολίαν	1
έπινε	1
όσος	1
ανδριάς	1
δελφούς	1
έπρεπεν	1
φορή	1
περισσοτέρας	1
δόρατα	1
ώλπιζες	1
γηρυόνην	1
βριάρεων	1
νοιώθετε	1
απεδώ	1
εγύρισε	1
προηγουμένην	1
ευτυχέστατος	1
τάλαντα	1
χρυσού	1
κοιλίαν	1
τάλαντον	1
κρανίον	1
στατήρα	1
σκυθών	1
ευτυχέστατοι	1
αξίας	1
χρυσίον	1
ιδικά	1
μιλήσω	1
σκύλον	1
επιχρυσωμένα	1
σκύθαι	1
φορούμε	1
αστείος	1
νομίζης	1
ξύπνος	1
ονειρεύεσαι	1
κατορθώνεις	1
περίφημα	1
σιωπώντας	1
σκοπούν	1
ομιλής	1
σίδερα	1
σιωπώντα	1
περνώ	1
γύφτικα	1
θακούσης	1
σιδερικά	1
φωνάζουν	1
εγγίξη	1
υπερβολικήν	1
κατάλαβες	1
ενέτεινεν	1
ερωμένον	1
περιλαμβάνονται	1
επετάχτηκε	1
αντιτάξης	1
συνήθειάν	1
εξέσπασε	1
επαμφοτέρισεν	1
νικήθηκε	1
ευχαριστήθηκε	1
υπερβολικά	1
φουσκώση	1
τετραπέρατος	1
κρυφάκουσεν	1
ιδίους	1
έμαθε	1
μυστικό	1
παραβγή	1
γελάς	1
μπα	1
έχασα	1
κυριολεκτικώς	1
ήξερα	1
κάλλια	1
βουβαθώ	1
ωραιότης	1
ευρεθή	1
ευρίσκωμαι	1
προστεθή	1
απορείς	1
αποπειρώμενος	1
μιμηθώ	1
επίστευα	1
αμφιβάλη	1
γνώσει	1
παρέτρεξες	1
επιβάλλεται	1
εντέλειαν	1
επαγγέλματός	1
εξασκείτε	1
διαλογικήν	1
ξεύρεις	1
έκαστον	1
τεχνίτην	1
χαλκεύη	1
κεραμεύη	1
σφάζη	1
βράζη	1
ψήνη	1
κάμει	1
συχώρεσέ	1
ψήση	1
σφυροκοπήση	1
κοπανίση	1
πηλόν	1
ποσειδώνα	1
επέθεσες	1
κολοφώνα	1
γνωρίσης	1
υποθέτεις	1
αρχίζωμεν	1
τελειώνωμεν	1
κατοχήν	1
πρόβατον	1
χαρίσης	1
όποιο	1
διαθέσης	1
αμφέβαλλα	1
έβγαινε	1
εσταμάτησεν	1
ειρωνικήν	1
έκφρασιν	1
καταιβάση	1
υπώπτευσα	1
καταλήξη	1
ερώτησίν	1
κατέληξε	1
απηλπισμένην	1
διέξοδον	1
ψάρι	1
πιασμένο	1
δίκτυα	1
γυρνώ	1
ξεφύγω	1
κακομοιριασμένος	1
αθηναίος	1
πατρώους	1
δικάς	1
προπαίρνης	1
άδικα	1
ιδικάς	1
πατρικάς	1
επώνυμον	1
ίωνες	1
αποικήση	1
θεωρείται	1
πατήρ	1
ίωνος	1
καλείται	1
ημίν	1
πατρώος	1
έρκειος	1
φράτριος	1
φρατρία	1
αθηνάν	1
πρόγονοι	1
δεσπόται	1
κεραυνόπληκτος	1
επιχείρημα	1
έμεινα	1
άναυδος	1
ανέκραξε	1
λογική	1
αποσύρομαι	1
ακαταμάχητοι	1
παρισταμένους	1
υπερεπαινέση	1
χειροκροτήματα	1
εχειροκρότουν	1
θαυμασταί	1
νόστιμα	1
έλεγαν	1
κίονες	1
εχειροκροτούσαν	1
έκπληξίς	1
συνήντησα	1
υποδουλωθείς	1
ησθάνθην	1
επιδαψιλεύσω	1
επαίνους	1
εγκώμια	1
θνητοί	1
αποτελειώσετε	1
σύντομα	1
ολίγην	1
θαυμάση	1
λαμβάνετε	1
σοβαρούς	1
προπάντων	1
λογαριάζουν	1
ευρίσκουν	1
ομοιάζουν	1
εντρέπωνται	1
εξελέγξουν	1
επιχειρήματα	1
εξελέγχονται	1
δεικνύει	1
καταδεκτικότητα	1
ευγένειαν	1
λευκόν	1
διαφέρει	1
καυχάσθε	1
φαίνεσθε	1
λεπτόν	1
αφαιρεί	1
φορτικόν	1
οικονομήση	1
τεχνικά	1
παρουσιάζετε	1
λίγον	1
μιμηθή	1
μεγάλον	1
πλεονέκτημα	1
ημπορήτε	1
μεταδίδετε	1
ακροατών	1
αποφεύγετε	1
ομιλήτε	1
διαβεβαιώ	1
συμφέρον	1
συμβουλεύσετε	1
σπάνιον	1
πολύτιμον	1
πάμφθηνον	1
πίνδαρος	1
ανεχωρήσαμεν	1
σκέψου	1
εξαιρούν	1
διάνοιαν	1
ενδιαφέρει	1
διαβεβαιούν	1
χρηματιστικαί	1
επιχειρήσεις	1
εμποδίσουν	1
ακόπως	1
εύκολα	1
αγαπώ	1
ευχαρίστησίν	1
εξελέγχωνται	1
εξελέγχουν	1
συμβουλάς	1
τελείωσεν	1
συζήτησίς	1
επλησίασεν	1
περιπατούσα	1
συγγράφουν	1
δυστυχώς	1
πλησιάσω	1
σήμερον	1
εφάνησαν	1
συνηθισμένες	1
φλυαρίες	1
σοβαρότητα	1
ανάξια	1
απάντησίς	1
κάθεσαι	1
εντρεπόσουν	1
λογαριασμόν	1
έστεκε	1
αξιοπρέπειάν	1
τίθεται	1
μέλει	1
πιάνονται	1
καλυτέρους	1
επιδίδονται	1
λαμβάνη	1
κατηγορή	1
σπουδάς	1
συζητή	1
δημοσία	1
ψέγη	1
περίεργοι	1
επλησίασε	1
έψαλε	1
εξάψαλμον	1
αγωνίζωνται	1
αυτοπροσώπως	1
στέλλουν	1
εμφανισθή	1
δικαστηρίου	1
έξοχος	1
συνθέτει	1
μοναδικούς	1
ενόησα	1
ομιλήσω	1
κατέτασσεν	1
πρόθυρα	1
νομίζουν	1
πρόσκομμα	1
συμμερίζωνται	1
φαντάζονται	1
ημπορούσαν	1
δυσφημήσουν	1
αναξίους	1
προσοχής	1
αναμφισβητήτως	1
στέφανος	1
ιδιαιτέρας	1
στενά	1
ισχυρίζονται	1
κόβουν	1
φόρα	1
μετέχει	1
απολαμβάνει	1
καρπούς	1
πείσης	1
συγκείμενα	1
στοιχεία	1
καθεμία	1
μετέχοντες	1
ευρισκόμενοι	1
καλύτεροι	1
ισχυρισθούν	1
τωόντι	1
κατώτεροι	1
τρίτοι	1
συγχωρούμεν	1
αγανακτούμεν	1
αξίωσιν	1
εκτιμώμεν	1
δίδωμεν	1
εμπρέπουσαν	1
λογικόν	1
φρόνιμον	1
επεξεργάζεται	1
ζήλον	1
νεώτερος	1
μικρός	1
κριτόβουλός	1
έφθασε	1
ώριμον	1
μόρφωσίν	1
συνδιαλεχθώ	1
μένω	1
τρέλλα	1
γάμον	1
νυμφευόμενος	1
καλλίστην	1
οικογένειαν	1
περιουσίαν	1
πλουσιωτέρους	1
αμελή	1
εκπαίδευσιν	1
γυρίζω	1
μόρφωσιν	1
νεολαίας	1
τρομάζουν	1
απαιτούμενα	1
προσόντα	1
ωθήσω	1
σπουδήν	1
ανίκανοι	1
ανάξιοι	1
πλειονοψηφίαν	1
άξιοι	1
γυμναστική	1
ρητορική	1
εμπόριον	1
στρατιωτική	1
παρατηρείς	1
περισσότεροι	1
τέχνας	1
αποκηρύξης	1
επαγγέλματα	1
αποτρέψης	1
κουρεύωνται	1
φιλόσοφον	1
κακοί	1
ανάξιον	1
αποτρέπης	1
εύρης	1
επιδοθής	1
εμπιστοσύνην	1
συν	1
γυναιξί	1
τέκνοις	1
σιγούρου	1
σφοδρήν	1
επίθεση	1
επίκριση	1
αμφιγνωμιών	1
σφαλερών	1
συλλογισμών	1
κενότητας	1
σκέψης	1
γνώσεων	1
σοφιστών	1
επιφανών	1
φιλοσοφούντων	1
κοινών	1
ρητορευόντων	1
ωρισμένοι	1
υπαινιγμοί	1
αντισθένη	1
ισοκράτη	1
εξώφυλλο	1
αναφέρει	1
σελίδα	1
χαροκόπος	1
έκδοση	1
αναφέρονται	1
κείμενα	1
εκδώσει	1
φέξης	1
βιβλίο	1
ενδόξου	1
αλκιβιάδης	1
μεγάλου	1
αξίοχον	1
διαλόγω	1
αισχύλ	1
στίχ	1
δονάκι	1
κλη	1
κατωτέρω	1
λεγομένων	1
μανθάνομεν	1
μήτηρ	1
φαιναρέτη	1
πρώτου	1
χαιρεδήμου	1
πατροκλήν	1
ομομήτριον	1
αδελφόν	1
αποδοθή	1
λέγειν	1
διατηρηθή	1
αυτώ	1
στηρίζεται	1
σόφισμα	1
αρσενικόν	1
ενικόν	1
ουδέτερον	1
πληθυντικόν	1
αμετάφραστος	1
ελλην	1
προσή	1
ληφθή	1
υποκείμενον	1
προσήκει	1
αφήνω	1
αμετάφραστον	1
θαυμαστικήν	1
επιφώνησιν	1
εκδεχόμενος	1
ανούσιον	1
χαριτολόγημα	1
κράμα	1
χείρον	1
πόσιν	1
φωτισμόν	1
μωραΐτης	1
